{
  "test_cases": [],
  "raw_response": "```json\n{\n  \"test_cases\": [\n    {\n      \"id\": \"TC-001\",\n      \"title\": \"Add Multiple Items to Cart and Proceed to Checkout\",\n      \"description\": \"Verify that users can add multiple items to their cart, review and modify cart contents, and proceed to checkout.\",\n      \"preconditions\": [\n        \"User is logged into the system.\",\n        \"Products are available in the cATFlog.\"\n      ],\n      \"test_steps\": [\n        \"Navigate to the product cATFlog.\",\n        \"Add multiple items to the cart.\",\n        \"Go to the cart page.\",\n        \"Review and modify cart contents (e.g., change quantity, remove item).\",\n        \"Click the 'Proceed to Checkout' button.\"\n      ],\n      \"expected_results\": \"User is able to add, review, modify items in the cart and proceed to checkout successfully.\",\n      \"priority\": \"High\",\n      \"test_type\": \"Functional\",\n      \"user_story_id\": \"US-001\"\n    },\n    {\n      \"id\": \"TC-002\",\n      \"title\": \"Validate Product Availability During Checkout\",\n      \"description\": \"Ensure the system checks inventory for all items in the cart during checkout and prevents out-of-stock orders.\",\n      \"preconditions\": [\n        \"User has items in the cart.\",\n        \"At least one item in the cart is out of stock.\"\n      ],\n      \"test_steps\": [\n        \"Proceed to checkout.\",\n        \"Attempt to place the order.\"\n      ],\n      \"expected_results\": \"System notifies the user about out-of-stock items and prevents order placement.\",\n      \"priority\": \"High\",\n      \"test_type\": \"Functional\",\n      \"user_story_id\": \"US-002\"\n    },\n    {\n      \"id\": \"TC-003\",\n      \"title\": \"Order Confirmation Only if All Items Available\",\n      \"description\": \"Verify that order confirmation only occurs if all items in the cart are available.\",\n      \"preconditions\": [\n        \"User has items in the cart.\",\n        \"All items are in stock.\"\n      ],\n      \"test_steps\": [\n        \"Proceed to checkout.\",\n        \"Place the order.\"\n      ],\n      \"expected_results\": \"Order is confirmed only if all items are available in inventory.\",\n      \"priority\": \"High\",\n      \"test_type\": \"Functional\",\n      \"user_story_id\": \"US-002\"\n    },\n    {\n      \"id\": \"TC-004\",\n      \"title\": \"Assign Unique Order Number on Order Placement\",\n      \"description\": \"Verify that each order receives a unique, system-generated order number upon successful placement.\",\n      \"preconditions\": [\n        \"User is ready to place an order with all items in stock.\"\n      ],\n      \"test_steps\": [\n        \"Place an order.\",\n        \"Check the order confirmation page and email.\"\n      ],\n      \"expected_results\": \"Order is assigned a unique order number, visible on confirmation and in the email.\",\n      \"priority\": \"High\",\n      \"test_type\": \"Functional\",\n      \"user_story_id\": \"US-003\"\n    },\n    {\n      \"id\": \"TC-005\",\n      \"title\": \"Order Number Display in Dashboard and Email\",\n      \"description\": \"Verify that the order number is visible in the confirmation email and user dashboard.\",\n      \"preconditions\": [\n        \"User has placed an order.\"\n      ],\n      \"test_steps\": [\n        \"Check the order confirmation email.\",\n        \"Log in to the user dashboard and view order details.\"\n      ],\n      \"expected_results\": \"Order number is displayed in both the confirmation email and the dashboard.\",\n      \"priority\": \"High\",\n      \"test_type\": \"Functional\",\n      \"user_story_id\": \"US-003\"\n    },\n    {\n      \"id\": \"TC-006\",\n      \"title\": \"Receive Order Confirmation Email with Details\",\n      \"description\": \"Verify that an order confirmation email is sent automatically with order number, item details, total cost, and tracking info.\",\n      \"preconditions\": [\n        \"User has successfully placed an order.\"\n      ],\n      \"test_steps\": [\n        \"Check the email inbox after placing an order.\"\n      ],\n      \"expected_results\": \"Order confirmation email is received with order number, item details, total cost, and tracking information (if available).\",\n      \"priority\": \"High\",\n      \"test_type\": \"Functional\",\n      \"user_story_id\": \"US-004\"\n    },\n    {\n      \"id\": \"TC-007\",\n      \"title\": \"Order Status Transitions Through All Stages\",\n      \"description\": \"Verify that order status transitions through Pending, Confirmed, Processing, Shipped, Delivered, Cancelled.\",\n      \"preconditions\": [\n        \"Order has been placed.\"\n      ],\n      \"test_steps\": [\n        \"Monitor the order status from placement to delivery or cancellation.\",\n        \"Trigger status changes (e.g., admin updates, shipment).\"\n      ],\n      \"expected_results\": \"Order status updates correctly through all defined stages.\",\n      \"priority\": \"High\",\n      \"test_type\": \"Functional\",\n      \"user_story_id\": \"US-005\"\n    },\n    {\n      \"id\": \"TC-008\",\n      \"title\": \"Real-time Status Updates\",\n      \"description\": \"Verify that order status is updated in real-time as the order progresses.\",\n      \"preconditions\": [\n        \"Order is in progress.\"\n      ],\n      \"test_steps\": [\n        \"Change order status (e.g., from Confirmed to Processing).\",\n        \"Check the user dashboard for status update.\"\n      ],\n      \"expected_results\": \"Order status is updated in real-time on the dashboard.\",\n      \"priority\": \"High\",\n      \"test_type\": \"Functional\",\n      \"user_story_id\": \"US-005\"\n    },\n    {\n      \"id\": \"TC-009\",\n      \"title\": \"Receive Status Updates via Email and SMS\",\n      \"description\": \"Verify that the system sends email and SMS notifications for each order status change, including order number and current status.\",\n      \"preconditions\": [\n        \"User has placed an order and provided valid email and phone number.\"\n      ],\n      \"test_steps\": [\n        \"Trigger order status changes (e.g., Confirmed, Shipped, Delivered).\",\n        \"Check email and SMS for notifications.\"\n      ],\n      \"expected_results\": \"User receives email and SMS notifications for each status change with order number and current status.\",\n      \"priority\": \"High\",\n      \"test_type\": \"Functional\",\n      \"user_story_id\": \"US-006\"\n    },\n    {\n      \"id\": \"TC-010\",\n      \"title\": \"View Order Status and Tracking Information in Dashboard\",\n      \"description\": \"Verify that users can access a list of their orders and view current status and tracking information from their dashboard.\",\n      \"preconditions\": [\n        \"User has placed at least one order.\"\n      ],\n      \"test_steps\": [\n        \"Log in to the user dashboard.\",\n        \"Navigate to the orders section.\",\n        \"Select an order and view details.\"\n      ],\n      \"expected_results\": \"Dashboard displays a list of orders with current status and tracking information (if shipped).\",\n      \"priority\": \"High\",\n      \"test_type\": \"Functional\",\n      \"user_story_id\": \"US-007\"\n    },\n    {\n      \"id\": \"TC-011\",\n      \"title\": \"Automatically Generate Shipping Labels on Order Confirmation\",\n      \"description\": \"Verify that shipping labels are generated automatically for each confirmed order and include all necessary details.\",\n      \"preconditions\": [\n        \"Order has been confirmed.\"\n      ],\n      \"test_steps\": [\n        \"Confirm an order.\",\n        \"Check for the generation of a shipping label.\",\n        \"Review the shipping label for required information.\"\n      ],\n      \"expected_results\": \"Shipping label is generated automatically and contains all necessary shipping and order details.\",\n      \"priority\": \"Medium\",\n      \"test_type\": \"Functional\",\n      \"user_story_id\": \"US-008\"\n    },\n    {\n      \"id\": \"TC-012\",\n      \"title\": \"Reserve Inventory Upon Order Confirmation\",\n      \"description\": \"Verify that inventory quantity is reduced or reserved when an order is confirmed.\",\n      \"preconditions\": [\n        \"Product has available inventory.\",\n        \"Order is ready to be confirmed.\"\n      ],\n      \"test_steps\": [\n        \"Confirm the order.\",\n        \"Check the inventory quantity for the ordered product.\"\n      ],\n      \"expected_results\": \"Inventory quantity is reduced or reserved as soon as the order is confirmed.\",\n      \"priority\": \"High\",\n      \"test_type\": \"Functional\",\n      \"user_story_id\": \"US-009\"\n    },\n    {\n      \"id\": \"TC-013\",\n      \"title\": \"Release Reserved Inventory on Order Cancellation\",\n      \"description\": \"Verify that reserved inventory is released back to stock if an order is cancelled.\",\n      \"preconditions\": [\n        \"Order has been confirmed and inventory reserved.\"\n      ],\n      \"test_steps\": [\n        \"Cancel the order.\",\n        \"Check the inventory quantity for the ordered product.\"\n      ],\n      \"expected_results\": \"Reserved inventory is released and available for new orders.\",\n      \"priority\": \"High\",\n      \"test_type\": \"Functional\",\n      \"user_story_id\": \"US-009\"\n    },\n    {\n      \"id\": \"TC-014\",\n      \"title\": \"Select Shipping Method During Checkout\",\n      \"description\": \"Verify that users can select from available shipping methods (Standard, Express, Overnight) during checkout.\",\n      \"preconditions\": [\n        \"User is at the checkout page.\"\n      ],\n      \"test_steps\": [\n        \"Review available shipping methods.\",\n        \"Select each shipping method and observe changes.\"\n      ],\n      \"expected_results\": \"User can select any available shipping method.\",\n      \"priority\": \"Medium\",\n      \"test_type\": \"Functional\",\n      \"user_story_id\": \"US-010\"\n    },\n    {\n      \"id\": \"TC-015\",\n      \"title\": \"Update Shipping Cost and Estimated Delivery Date Based on Method\",\n      \"description\": \"Verify that shipping cost and estimated delivery date update based on the selected shipping method.\",\n      \"preconditions\": [\n        \"User is at the checkout page.\"\n      ],\n      \"test_steps\": [\n        \"Select different shipping methods.\",\n        \"Observe changes in shipping cost and estimated delivery date.\"\n      ],\n      \"expected_results\": \"Shipping cost and estimated delivery date update correctly for each shipping method.\",\n      \"priority\": \"Medium\",\n      \"test_type\": \"Functional\",\n      \"user_story_id\": \"US-010\"\n    },\n    {\n      \"id\": \"TC-016\",\n      \"title\": \"Cancel Order Within 24 Hours if Status is Pending or Confirmed\",\n      \"description\": \"Verify that users can cancel orders from their dashboard within 24 hours if status is Pending or Confirmed.\",\n      \"preconditions\": [\n        \"Order status is Pending or Confirmed.\",\n        \"Order was placed less than 24 hours ago.\"\n      ],\n      \"test_steps\": [\n        \"Log in to the dashboard.\",\n        \"Locate the eligible order.\",\n        \"Attempt to cancel the order.\"\n      ],\n      \"expected_results\": \"Order is cancelled successfully and status is updated.\",\n      \"priority\": \"High\",\n      \"test_type\": \"Functional\",\n      \"user_story_id\": \"US-011\"\n    },\n    {\n      \"id\": \"TC-017\",\n      \"title\": \"Prevent Cancellation After 24 Hours or Ineligible Status\",\n      \"description\": \"Verify that the system prevents cancellation after 24 hours or if order status is Processing, Shipped, or Delivered.\",\n      \"preconditions\": [\n        \"Order status is Processing, Shipped, or Delivered, or order was placed more than 24 hours ago.\"\n      ],\n      \"test_steps\": [\n        \"Log in to the dashboard.\",\n        \"Attempt to cancel the ineligible order.\"\n      ],\n      \"expected_results\": \"System prevents cancellation and displays appropriate message.\",\n      \"priority\": \"High\",\n      \"test_type\": \"Functional\",\n      \"user_story_id\": \"US-011\"\n    },\n    {\n      \"id\": \"TC-018\",\n      \"title\": \"Automatic Refund Processing on Order Cancellation\",\n      \"description\": \"Verify that refund is initiated automatically upon order cancellation and user receives notification.\",\n      \"preconditions\": [\n        \"Order is eligible for cancellation and has been cancelled.\"\n      ],\n      \"test_steps\": [\n        \"Cancel the order.\",\n        \"Check for refund initiation in the system.\",\n        \"Check for refund notification (email/SMS).\"\n      ],\n      \"expected_results\": \"Refund is initiated automatically and user receives notification.\",\n      \"priority\": \"High\",\n      \"test_type\": \"Functional\",\n      \"user_story_id\": \"US-012\"\n    },\n    {\n      \"id\": \"TC-019\",\n      \"title\": \"Administrator Cancels Order at Any Stage with Reason Logging\",\n      \"description\": \"Verify that administrators can cancel any order regardless of status, must provide a reason, and cancellation is logged with timestamp and admin details.\",\n      \"preconditions\": [\n        \"Administrator is logged in.\",\n        \"Order exists in any status.\"\n      ],\n      \"test_steps\": [\n        \"As admin, select any order.\",\n        \"Initiate cancellation.\",\n        \"Enter a reason for cancellation.\",\n        \"Confirm cancellation.\",\n        \"Check the order log for cancellation entry.\"\n      ],\n      \"expected_results\": \"Order is cancelled, reason is required, and cancellation is logged with timestamp and admin details.\",\n      \"priority\": \"Medium\",\n      \"test_type\": \"Functional\",\n      \"user_story_id\": \"US-013\"\n    }\n  ],\n  \"summary\": \"19 comprehensive test cases were generated, covering all user stories and acceptance criteria for the Order Management System. The test cases validate order placement, product availability, unique order numbers, notifications, order status management, fulfillment, inventory handling, shipping methods, cancellation, refund processing, and administrative controls.\"\n}\n```",
  "agent_name": "Test Case Generator",
  "file_name": "OrderManagement_Requirements.docx",
  "timestamp": "2026-02-05T00:24:24.437905"
}