{
  "test_cases": [],
  "raw_response": "```json\n{\n    \"test_cases\": [\n        {\n            \"id\": \"TC-001\",\n            \"title\": \"Select Supported Payment Methods During Checkout\",\n            \"description\": \"Verify that users can select from Credit Card, Debit Card, PayPal, Bank Transfer, and Digital Wallets during checkout.\",\n            \"preconditions\": [\"User is logged in\", \"User has items in cart\"],\n            \"test_steps\": [\n                \"Navigate to checkout page.\",\n                \"Observe the available payment methods.\",\n                \"Select each payment method and proceed to payment.\"\n            ],\n            \"expected_results\": \"All supported payment methods are available for selection. Unavailable methods are not shown. Each selected method proceeds to payment processing.\",\n            \"priority\": \"High\",\n            \"test_type\": \"Functional\",\n            \"user_story_id\": \"US-001\"\n        },\n        {\n            \"id\": \"TC-002\",\n            \"title\": \"Process Transactions Using Each Payment Method\",\n            \"description\": \"Verify that transactions can be processed successfully using each supported payment method.\",\n            \"preconditions\": [\"User is logged in\", \"User has items in cart\"],\n            \"test_steps\": [\n                \"Navigate to checkout.\",\n                \"Select Credit Card and complete payment.\",\n                \"Repeat for Debit Card, PayPal, Bank Transfer, and Digital Wallets.\"\n            ],\n            \"expected_results\": \"Transaction is processed successfully for each payment method.\",\n            \"priority\": \"High\",\n            \"test_type\": \"Functional\",\n            \"user_story_id\": \"US-001\"\n        },\n        {\n            \"id\": \"TC-003\",\n            \"title\": \"Add, Edit, and Delete Multiple Payment Methods\",\n            \"description\": \"Verify that users can add, edit, and delete multiple payment methods.\",\n            \"preconditions\": [\"User is logged in\"],\n            \"test_steps\": [\n                \"Navigate to payment methods section.\",\n                \"Add multiple payment methods (Credit Card, PayPal, etc.).\",\n                \"Edit one payment method.\",\n                \"Delete one payment method.\"\n            ],\n            \"expected_results\": \"User can add, edit, and delete multiple payment methods. Changes are reflected immediately.\",\n            \"priority\": \"High\",\n            \"test_type\": \"Functional\",\n            \"user_story_id\": \"US-002\"\n        },\n        {\n            \"id\": \"TC-004\",\n            \"title\": \"Saved Payment Methods Available During Checkout\",\n            \"description\": \"Verify that saved payment methods are available for selection during checkout.\",\n            \"preconditions\": [\"User is logged in\", \"User has saved payment methods\", \"User has items in cart\"],\n            \"test_steps\": [\n                \"Navigate to checkout.\",\n                \"Observe available payment methods.\",\n                \"Select a saved payment method and proceed to payment.\"\n            ],\n            \"expected_results\": \"Saved payment methods are displayed and selectable during checkout.\",\n            \"priority\": \"High\",\n            \"test_type\": \"Functional\",\n            \"user_story_id\": \"US-002\"\n        },\n        {\n            \"id\": \"TC-005\",\n            \"title\": \"Enforce Maximum Limit for Saved Payment Methods\",\n            \"description\": \"Verify that the system enforces a maximum limit for saved payment methods if applicable.\",\n            \"preconditions\": [\"User is logged in\"],\n            \"test_steps\": [\n                \"Attempt to add payment methods up to the maximum allowed.\",\n                \"Attempt to add one more payment method beyond the limit.\"\n            ],\n            \"expected_results\": \"System prevents adding payment methods beyond the maximum limit and displays appropriate message.\",\n            \"priority\": \"High\",\n            \"test_type\": \"Functional\",\n            \"user_story_id\": \"US-002\"\n        },\n        {\n            \"id\": \"TC-006\",\n            \"title\": \"Payment Information Encrypted at Rest and in Transit\",\n            \"description\": \"Verify that payment information is encrypted both at rest and during transmission.\",\n            \"preconditions\": [\"User is logged in\", \"User adds payment method\"],\n            \"test_steps\": [\n                \"Add a new payment method.\",\n                \"Monitor network traffic for encryption during transmission.\",\n                \"Check dATFbase/storage for encryption at rest.\"\n            ],\n            \"expected_results\": \"Payment information is encrypted during transmission and at rest.\",\n            \"priority\": \"High\",\n            \"test_type\": \"Non-functional\",\n            \"user_story_id\": \"US-003\"\n        },\n        {\n            \"id\": \"TC-007\",\n            \"title\": \"PCI DSS Compliance for Payment DATF Storage\",\n            \"description\": \"Verify that payment dATF storage and processing comply with PCI DSS standards.\",\n            \"preconditions\": [\"System is deployed\"],\n            \"test_steps\": [\n                \"Review system architecture and dATF storage.\",\n                \"Check for PCI DSS compliance documentation.\",\n                \"Attempt PCI DSS audit checks.\"\n            ],\n            \"expected_results\": \"System meets all PCI DSS requirements for payment dATF storage and processing.\",\n            \"priority\": \"High\",\n            \"test_type\": \"Non-functional\",\n            \"user_story_id\": \"US-003\"\n        },\n        {\n            \"id\": \"TC-008\",\n            \"title\": \"Prevent Unauthorized Access to Payment DATF\",\n            \"description\": \"Verify that unauthorized users cannot access payment dATF.\",\n            \"preconditions\": [\"User is logged in\", \"Another user exists without proper permissions\"],\n            \"test_steps\": [\n                \"Attempt to access payment dATF as unauthorized user.\",\n                \"Attempt to access payment dATF via API without authentication.\"\n            ],\n            \"expected_results\": \"Unauthorized access is denied and logged.\",\n            \"priority\": \"High\",\n            \"test_type\": \"Security\",\n            \"user_story_id\": \"US-003\"\n        },\n        {\n            \"id\": \"TC-009\",\n            \"title\": \"Payment Authorization Before Transaction Processing\",\n            \"description\": \"Verify that payment authorization is performed before processing the transaction.\",\n            \"preconditions\": [\"User is logged in\", \"User has items in cart\"],\n            \"test_steps\": [\n                \"Initiate payment at checkout.\",\n                \"Observe authorization process before transaction is processed.\"\n            ],\n            \"expected_results\": \"Payment is authorized before transaction is processed.\",\n            \"priority\": \"High\",\n            \"test_type\": \"Functional\",\n            \"user_story_id\": \"US-004\"\n        },\n        {\n            \"id\": \"TC-010\",\n            \"title\": \"Payment Authorization Completes Within 5 Seconds\",\n            \"description\": \"Verify that payment authorization is completed within 5 seconds.\",\n            \"preconditions\": [\"User is logged in\", \"User has items in cart\"],\n            \"test_steps\": [\n                \"Initiate payment at checkout.\",\n                \"Measure time taken for authorization response.\"\n            ],\n            \"expected_results\": \"Payment authorization completes within 5 seconds.\",\n            \"priority\": \"High\",\n            \"test_type\": \"Performance\",\n            \"user_story_id\": \"US-004\"\n        },\n        {\n            \"id\": \"TC-011\",\n            \"title\": \"Failed Payment Authorizations Are Logged\",\n            \"description\": \"Verify that failed payment authorizations are logged.\",\n            \"preconditions\": [\"User is logged in\", \"User has items in cart\", \"Use invalid payment details\"],\n            \"test_steps\": [\n                \"Initiate payment with invalid details.\",\n                \"Check system logs for failed authorization entry.\"\n            ],\n            \"expected_results\": \"Failed authorizations are logged with relevant details.\",\n            \"priority\": \"High\",\n            \"test_type\": \"Functional\",\n            \"user_story_id\": \"US-004\"\n        },\n        {\n            \"id\": \"TC-012\",\n            \"title\": \"Immediate Notification on Authorization Failure\",\n            \"description\": \"Verify that users are notified immediately if payment authorization fails.\",\n            \"preconditions\": [\"User is logged in\", \"User has items in cart\", \"Use invalid payment details\"],\n            \"test_steps\": [\n                \"Initiate payment with invalid details.\",\n                \"Observe notification to user.\"\n            ],\n            \"expected_results\": \"User receives immediate notification of authorization failure.\",\n            \"priority\": \"High\",\n            \"test_type\": \"Functional\",\n            \"user_story_id\": \"US-004\"\n        },\n        {\n            \"id\": \"TC-013\",\n            \"title\": \"Email Confirmation After Successful Payment\",\n            \"description\": \"Verify that users receive an email confirmation after successful payment.\",\n            \"preconditions\": [\"User is logged in\", \"User has items in cart\", \"Valid email address\"],\n            \"test_steps\": [\n                \"Complete a successful payment.\",\n                \"Check user email inbox for confirmation.\"\n            ],\n            \"expected_results\": \"User receives an email confirmation after successful payment.\",\n            \"priority\": \"High\",\n            \"test_type\": \"Functional\",\n            \"user_story_id\": \"US-005\"\n        },\n        {\n            \"id\": \"TC-014\",\n            \"title\": \"Email Includes Transaction Details\",\n            \"description\": \"Verify that the confirmation email includes transaction details such as amount, date, and payment method.\",\n            \"preconditions\": [\"User is logged in\", \"User has completed a payment\"],\n            \"test_steps\": [\n                \"Check confirmation email content.\"\n            ],\n            \"expected_results\": \"Email contains transaction amount, date, and payment method.\",\n            \"priority\": \"High\",\n            \"test_type\": \"Functional\",\n            \"user_story_id\": \"US-005\"\n        },\n        {\n            \"id\": \"TC-015\",\n            \"title\": \"Email Includes Unique Transaction ID\",\n            \"description\": \"Verify that the confirmation email includes a unique transaction ID.\",\n            \"preconditions\": [\"User is logged in\", \"User has completed a payment\"],\n            \"test_steps\": [\n                \"Check confirmation email content.\"\n            ],\n            \"expected_results\": \"Email contains a unique transaction ID.\",\n            \"priority\": \"High\",\n            \"test_type\": \"Functional\",\n            \"user_story_id\": \"US-005\"\n        },\n        {\n            \"id\": \"TC-016\",\n            \"title\": \"Unique Transaction ID Assigned to Each Payment\",\n            \"description\": \"Verify that each payment is assigned a unique transaction ID.\",\n            \"preconditions\": [\"User is logged in\", \"User has completed multiple payments\"],\n            \"test_steps\": [\n                \"Complete multiple payments.\",\n                \"Check transaction history for unique IDs.\"\n            ],\n            \"expected_results\": \"Each payment has a unique transaction ID.\",\n            \"priority\": \"Medium\",\n            \"test_type\": \"Functional\",\n            \"user_story_id\": \"US-006\"\n        },\n        {\n            \"id\": \"TC-017\",\n            \"title\": \"Transaction ID Included in Confirmation Email and Account History\",\n            \"description\": \"Verify that the transaction ID is included in both the confirmation email and user account history.\",\n            \"preconditions\": [\"User is logged in\", \"User has completed a payment\"],\n            \"test_steps\": [\n                \"Check confirmation email for transaction ID.\",\n                \"Check user account history for transaction ID.\"\n            ],\n            \"expected_results\": \"Transaction ID is present in both email and account history.\",\n            \"priority\": \"Medium\",\n            \"test_type\": \"Functional\",\n            \"user_story_id\": \"US-006\"\n        },\n        {\n            \"id\": \"TC-018\",\n            \"title\": \"Real-Time Payment Status Update in User Account\",\n            \"description\": \"Verify that payment status is updated in real-time in the user account after transaction completion.\",\n            \"preconditions\": [\"User is logged in\", \"User has completed a payment\"],\n            \"test_steps\": [\n                \"Complete a payment.\",\n                \"Immediately check payment status in user account.\"\n            ],\n            \"expected_results\": \"Payment status is updated immediately after transaction completion.\",\n            \"priority\": \"High\",\n            \"test_type\": \"Functional\",\n            \"user_story_id\": \"US-007\"\n        },\n        {\n            \"id\": \"TC-019\",\n            \"title\": \"View Current Payment Status in Account\",\n            \"description\": \"Verify that users can view the current status (pending, completed, failed) of their payments in their account.\",\n            \"preconditions\": [\"User is logged in\", \"User has completed or attempted payments\"],\n            \"test_steps\": [\n                \"Navigate to transaction history in user account.\",\n                \"Observe status for each transaction.\"\n            ],\n            \"expected_results\": \"User can view accurate status for each transaction.\",\n            \"priority\": \"High\",\n            \"test_type\": \"Functional\",\n            \"user_story_id\": \"US-007\"\n        },\n        {\n            \"id\": \"TC-020\",\n            \"title\": \"Initiate Refunds for Eligible Transactions\",\n            \"description\": \"Verify that authorized users can initiate refunds from transaction history for eligible transactions.\",\n            \"preconditions\": [\"Authorized user is logged in\", \"Eligible transaction exists\"],\n            \"test_steps\": [\n                \"Navigate to transaction history.\",\n                \"Select an eligible transaction.\",\n                \"Initiate refund request.\"\n            ],\n            \"expected_results\": \"Refund can be initiated for eligible transactions.\",\n            \"priority\": \"High\",\n            \"test_type\": \"Functional\",\n            \"user_story_id\": \"US-008\"\n        },\n        {\n            \"id\": \"TC-021\",\n            \"title\": \"Only Eligible Transactions Available for Refund\",\n            \"description\": \"Verify that only eligible transactions are available for refund.\",\n            \"preconditions\": [\"Authorized user is logged in\", \"Transactions with different eligibility statuses exist\"],\n            \"test_steps\": [\n                \"Navigate to transaction history.\",\n                \"Observe which transactions have refund option.\"\n            ],\n            \"expected_results\": \"Only eligible transactions display refund option.\",\n            \"priority\": \"High\",\n            \"test_type\": \"Functional\",\n            \"user_story_id\": \"US-008\"\n        },\n        {\n            \"id\": \"TC-022\",\n            \"title\": \"Refund Requests Are Logged and Tracked\",\n            \"description\": \"Verify that refund requests are logged and can be tracked.\",\n            \"preconditions\": [\"Authorized user is logged in\", \"Refund request initiated\"],\n            \"test_steps\": [\n                \"Initiate a refund request.\",\n                \"Check system logs for refund entry.\",\n                \"Track refund status in user account.\"\n            ],\n            \"expected_results\": \"Refund requests are logged and status is trackable.\",\n            \"priority\": \"High\",\n            \"test_type\": \"Functional\",\n            \"user_story_id\": \"US-008\"\n        },\n        {\n            \"id\": \"TC-023\",\n            \"title\": \"Refunds Processed Within 5-7 Business Days\",\n            \"description\": \"Verify that refunds are processed and completed within 5-7 business days.\",\n            \"preconditions\": [\"Authorized user is logged in\", \"Refund request initiated\"],\n            \"test_steps\": [\n                \"Initiate a refund.\",\n                \"Monitor refund processing time.\"\n            ],\n            \"expected_results\": \"Refund is completed within 5-7 business days.\",\n            \"priority\": \"Medium\",\n            \"test_type\": \"Functional\",\n            \"user_story_id\": \"US-009\"\n        },\n        {\n            \"id\": \"TC-024\",\n            \"title\": \"User Notification on Refund Initiation and Completion\",\n            \"description\": \"Verify that users are notified when a refund is initiated and when it is completed.\",\n            \"preconditions\": [\"Authorized user is logged in\", \"Refund request initiated\"],\n            \"test_steps\": [\n                \"Initiate a refund.\",\n                \"Check for notification on initiation.\",\n                \"Check for notification on completion.\"\n            ],\n            \"expected_results\": \"User receives notifications for both refund initiation and completion.\",\n            \"priority\": \"Medium\",\n            \"test_type\": \"Functional\",\n            \"user_story_id\": \"US-009\"\n        },\n        {\n            \"id\": \"TC-025\",\n            \"title\": \"Partial Refunds for Multi-Item Orders\",\n            \"description\": \"Verify that authorized users can select specific items for partial refund in multi-item orders.\",\n            \"preconditions\": [\"Authorized user is logged in\", \"Multi-item order exists\"],\n            \"test_steps\": [\n                \"Navigate to transaction history.\",\n                \"Select a multi-item order.\",\n                \"Choose specific items for partial refund.\",\n                \"Initiate partial refund.\"\n            ],\n            \"expected_results\": \"Authorized user can select items and initiate partial refund.\",\n            \"priority\": \"Medium\",\n            \"test_type\": \"Functional\",\n            \"user_story_id\": \"US-010\"\n        },\n        {\n            \"id\": \"TC-026\",\n            \"title\": \"Refund Amount Calculated Based on Selected Items\",\n            \"description\": \"Verify that the refund amount is correctly calculated based on the selected items for partial refund.\",\n            \"preconditions\": [\"Authorized user is logged in\", \"Partial refund initiated\"],\n            \"test_steps\": [\n                \"Select items for partial refund.\",\n                \"Observe calculated refund amount.\",\n                \"Confirm refund.\"\n            ],\n            \"expected_results\": \"Refund amount matches the value of selected items.\",\n            \"priority\": \"Medium\",\n            \"test_type\": \"Functional\",\n            \"user_story_id\": \"US-010\"\n        },\n        {\n            \"id\": \"TC-027\",\n            \"title\": \"Partial Refunds Reflected in Transaction History\",\n            \"description\": \"Verify that partial refunds are reflected in the transaction history.\",\n            \"preconditions\": [\"Authorized user is logged in\", \"Partial refund completed\"],\n            \"test_steps\": [\n                \"Navigate to transaction history.\",\n                \"Check status and details of refunded transaction.\"\n            ],\n            \"expected_results\": \"Transaction history shows partial refund details and updated status.\",\n            \"priority\": \"Medium\",\n            \"test_type\": \"Functional\",\n            \"user_story_id\": \"US-010\"\n        },\n        {\n            \"id\": \"TC-028\",\n            \"title\": \"Generate Daily, Weekly, and Monthly Payment Reports\",\n            \"description\": \"Verify that admin can generate payment reports for daily, weekly, and monthly periods.\",\n            \"preconditions\": [\"Admin user is logged in\"],\n            \"test_steps\": [\n                \"Navigate to reporting section.\",\n                \"Generate daily report.\",\n                \"Generate weekly report.\",\n                \"Generate monthly report.\"\n            ],\n            \"expected_results\": \"Reports are generated for each period as requested.\",\n            \"priority\": \"Medium\",\n            \"test_type\": \"Functional\",\n            \"user_story_id\": \"US-011\"\n        },\n        {\n            \"id\": \"TC-029\",\n            \"title\": \"Reports Include Required DATF\",\n            \"description\": \"Verify that reports include total transactions, success rate, failed transactions, and revenue by payment method.\",\n            \"preconditions\": [\"Admin user is logged in\", \"Reports generated\"],\n            \"test_steps\": [\n                \"Open generated report.\",\n                \"Review report contents for required dATF.\"\n            ],\n            \"expected_results\": \"Report includes total transactions, success rate, failed transactions, and revenue by payment method.\",\n            \"priority\": \"Medium\",\n            \"test_type\": \"Functional\",\n            \"user_story_id\": \"US-011\"\n        },\n        {\n            \"id\": \"TC-030\",\n            \"title\": \"Export Reports in Standard Formats\",\n            \"description\": \"Verify that reports are exportable in standard formats (CSV, PDF).\",\n            \"preconditions\": [\"Admin user is logged in\", \"Report generated\"],\n            \"test_steps\": [\n                \"Generate a payment report.\",\n                \"Export report as CSV.\",\n                \"Export report as PDF.\"\n            ],\n            \"expected_results\": \"Reports are successfully exported in CSV and PDF formats.\",\n            \"priority",
  "agent_name": "Test Case Generator",
  "file_name": "PaymentProcessing_Requirements.docx",
  "timestamp": "2026-02-05T00:33:20.316723"
}