{
  "test_dATF": [],
  "raw_response": "{\n  \"test_dATF\": [\n    {\n      \"id\": \"TD-001\",\n      \"test_case_id\": \"TC-001\",\n      \"dATF_set_name\": \"Positive Test Data\",\n      \"PO_Number\": \"\",\n      \"Vendor_ID\": \"VEND1001\",\n      \"Vendor_Name\": \"Acme Supplies Ltd.\",\n      \"Material_ID\": \"MAT-0001\",\n      \"Product_name\": \"Wireless Mouse\",\n      \"Category\": \"Electronics\",\n      \"Brand\": \"LogiTech\",\n      \"Model_Number\": \"M185\",\n      \"Description\": \"Wireless optical mouse, black\",\n      \"Quantity\": 10,\n      \"UoM\": \"EA\",\n      \"Price\": 15.99,\n      \"Plant\": \"PL01\",\n      \"Delivery_Date\": \"2026-03-10\",\n      \"Purchasing_Org\": \"PORG01\",\n      \"Purchasing_Group\": \"PG01\",\n      \"Company_Code\": \"C100\",\n      \"User_Role\": \"Buyer\",\n      \"Status\": \"\",\n      \"Expected_Result\": \"PO created successfully, unique PO number generated, status is 'Saved' or 'Awaiting release', no FI document posted.\"\n    },\n    {\n      \"id\": \"TD-002\",\n      \"test_case_id\": \"TC-001\",\n      \"dATF_set_name\": \"Boundary Test Data - Minimum Quantity and Price\",\n      \"PO_Number\": \"\",\n      \"Vendor_ID\": \"VEND1002\",\n      \"Vendor_Name\": \"Tech Distributors Inc.\",\n      \"Material_ID\": \"MAT-0002\",\n      \"Product_name\": \"USB Flash Drive\",\n      \"Category\": \"Electronics\",\n      \"Brand\": \"SanDisk\",\n      \"Model_Number\": \"SDCZ50-016G\",\n      \"Description\": \"16GB USB 2.0 Flash Drive\",\n      \"Quantity\": 1,\n      \"UoM\": \"EA\",\n      \"Price\": 0.01,\n      \"Plant\": \"PL02\",\n      \"Delivery_Date\": \"2026-03-12\",\n      \"Purchasing_Org\": \"PORG02\",\n      \"Purchasing_Group\": \"PG02\",\n      \"Company_Code\": \"C200\",\n      \"User_Role\": \"Buyer\",\n      \"Status\": \"\",\n      \"Expected_Result\": \"PO created for minimum allowed values.\"\n    },\n    {\n      \"id\": \"TD-003\",\n      \"test_case_id\": \"TC-001\",\n      \"dATF_set_name\": \"Boundary Test Data - Maximum Quantity and Price\",\n      \"PO_Number\": \"\",\n      \"Vendor_ID\": \"VEND1003\",\n      \"Vendor_Name\": \"OfficeMart\",\n      \"Material_ID\": \"MAT-0003\",\n      \"Product_name\": \"Laser Printer\",\n      \"Category\": \"Office Equipment\",\n      \"Brand\": \"HP\",\n      \"Model_Number\": \"M404dn\",\n      \"Description\": \"Monochrome Laser Printer\",\n      \"Quantity\": 1000,\n      \"UoM\": \"EA\",\n      \"Price\": 9999.99,\n      \"Plant\": \"PL03\",\n      \"Delivery_Date\": \"2026-03-15\",\n      \"Purchasing_Org\": \"PORG03\",\n      \"Purchasing_Group\": \"PG03\",\n      \"Company_Code\": \"C300\",\n      \"User_Role\": \"Buyer\",\n      \"Status\": \"\",\n      \"Expected_Result\": \"PO created for maximum allowed values.\"\n    },\n    {\n      \"id\": \"TD-004\",\n      \"test_case_id\": \"TC-002\",\n      \"dATF_set_name\": \"Negative Test Data - Missing Vendor\",\n      \"PO_Number\": \"\",\n      \"Vendor_ID\": \"\",\n      \"Vendor_Name\": \"\",\n      \"Material_ID\": \"MAT-0004\",\n      \"Product_name\": \"Desk Chair\",\n      \"Category\": \"Furniture\",\n      \"Brand\": \"Ikea\",\n      \"Model_Number\": \"MARKUS\",\n      \"Description\": \"Ergonomic office chair\",\n      \"Quantity\": 5,\n      \"UoM\": \"EA\",\n      \"Price\": 120.00,\n      \"Plant\": \"PL01\",\n      \"Delivery_Date\": \"2026-03-20\",\n      \"Purchasing_Org\": \"PORG01\",\n      \"Purchasing_Group\": \"PG01\",\n      \"Company_Code\": \"C100\",\n      \"User_Role\": \"Buyer\",\n      \"Status\": \"\",\n      \"Expected_Result\": \"System displays error message 'Vendor is required', PO is not created.\"\n    },\n    {\n      \"id\": \"TD-005\",\n      \"test_case_id\": \"TC-002\",\n      \"dATF_set_name\": \"Negative Test Data - Vendor Field Blank\",\n      \"PO_Number\": \"\",\n      \"Vendor_ID\": \"   \",\n      \"Vendor_Name\": \"\",\n      \"Material_ID\": \"MAT-0005\",\n      \"Product_name\": \"Monitor Stand\",\n      \"Category\": \"Accessories\",\n      \"Brand\": \"AmazonBasics\",\n      \"Model_Number\": \"AB-MS01\",\n      \"Description\": \"Adjustable monitor stand\",\n      \"Quantity\": 2,\n      \"UoM\": \"EA\",\n      \"Price\": 25.50,\n      \"Plant\": \"PL02\",\n      \"Delivery_Date\": \"2026-03-22\",\n      \"Purchasing_Org\": \"PORG02\",\n      \"Purchasing_Group\": \"PG02\",\n      \"Company_Code\": \"C200\",\n      \"User_Role\": \"Buyer\",\n      \"Status\": \"\",\n      \"Expected_Result\": \"System displays error message 'Vendor is required', PO is not created.\"\n    },\n    {\n      \"id\": \"TD-006\",\n      \"test_case_id\": \"TC-003\",\n      \"dATF_set_name\": \"Negative Test Data - Missing Material\",\n      \"PO_Number\": \"\",\n      \"Vendor_ID\": \"VEND1004\",\n      \"Vendor_Name\": \"Global IT Supplies\",\n      \"Material_ID\": \"\",\n      \"Product_name\": \"\",\n      \"Category\": \"Electronics\",\n      \"Brand\": \"\",\n      \"Model_Number\": \"\",\n      \"Description\": \"\",\n      \"Quantity\": 10,\n      \"UoM\": \"EA\",\n      \"Price\": 50.00,\n      \"Plant\": \"PL01\",\n      \"Delivery_Date\": \"2026-03-25\",\n      \"Purchasing_Org\": \"PORG01\",\n      \"Purchasing_Group\": \"PG01\",\n      \"Company_Code\": \"C100\",\n      \"User_Role\": \"Buyer\",\n      \"Status\": \"\",\n      \"Expected_Result\": \"System displays error message 'Material is required', PO is not created.\"\n    },\n    {\n      \"id\": \"TD-007\",\n      \"test_case_id\": \"TC-003\",\n      \"dATF_set_name\": \"Negative Test Data - Material Field Blank\",\n      \"PO_Number\": \"\",\n      \"Vendor_ID\": \"VEND1005\",\n      \"Vendor_Name\": \"Stationery World\",\n      \"Material_ID\": \"   \",\n      \"Product_name\": \"\",\n      \"Category\": \"Stationery\",\n      \"Brand\": \"\",\n      \"Model_Number\": \"\",\n      \"Description\": \"\",\n      \"Quantity\": 20,\n      \"UoM\": \"EA\",\n      \"Price\": 2.50,\n      \"Plant\": \"PL02\",\n      \"Delivery_Date\": \"2026-03-27\",\n      \"Purchasing_Org\": \"PORG02\",\n      \"Purchasing_Group\": \"PG02\",\n      \"Company_Code\": \"C200\",\n      \"User_Role\": \"Buyer\",\n      \"Status\": \"\",\n      \"Expected_Result\": \"System displays error message 'Material is required', PO is not created.\"\n    },\n    {\n      \"id\": \"TD-008\",\n      \"test_case_id\": \"TC-004\",\n      \"dATF_set_name\": \"Boundary Test Data - Minimum Quantity and Price\",\n      \"PO_Number\": \"\",\n      \"Vendor_ID\": \"VEND1006\",\n      \"Vendor_Name\": \"GadgetPro\",\n      \"Material_ID\": \"MAT-0006\",\n      \"Product_name\": \"Bluetooth Speaker\",\n      \"Category\": \"Electronics\",\n      \"Brand\": \"JBL\",\n      \"Model_Number\": \"GO2\",\n      \"Description\": \"Portable Bluetooth speaker\",\n      \"Quantity\": 1,\n      \"UoM\": \"EA\",\n      \"Price\": 0.01,\n      \"Plant\": \"PL03\",\n      \"Delivery_Date\": \"2026-03-30\",\n      \"Purchasing_Org\": \"PORG03\",\n      \"Purchasing_Group\": \"PG03\",\n      \"Company_Code\": \"C300\",\n      \"User_Role\": \"Buyer\",\n      \"Status\": \"\",\n      \"Expected_Result\": \"PO created for minimum allowed values.\"\n    },\n    {\n      \"id\": \"TD-009\",\n      \"test_case_id\": \"TC-004\",\n      \"dATF_set_name\": \"Boundary Test Data - Maximum Quantity and Price\",\n      \"PO_Number\": \"\",\n      \"Vendor_ID\": \"VEND1007\",\n      \"Vendor_Name\": \"MegaOffice\",\n      \"Material_ID\": \"MAT-0007\",\n      \"Product_name\": \"Conference Table\",\n      \"Category\": \"Furniture\",\n      \"Brand\": \"Steelcase\",\n      \"Model_Number\": \"CT-XL\",\n      \"Description\": \"Large conference table, 20 seats\",\n      \"Quantity\": 500,\n      \"UoM\": \"EA\",\n      \"Price\": 15000.00,\n      \"Plant\": \"PL04\",\n      \"Delivery_Date\": \"2026-04-02\",\n      \"Purchasing_Org\": \"PORG04\",\n      \"Purchasing_Group\": \"PG04\",\n      \"Company_Code\": \"C400\",\n      \"User_Role\": \"Buyer\",\n      \"Status\": \"\",\n      \"Expected_Result\": \"PO created for maximum allowed values.\"\n    },\n    {\n      \"id\": \"TD-010\",\n      \"test_case_id\": \"TC-004\",\n      \"dATF_set_name\": \"Negative Test Data - Exceed Maximum Quantity\",\n      \"PO_Number\": \"\",\n      \"Vendor_ID\": \"VEND1008\",\n      \"Vendor_Name\": \"BulkBuyers\",\n      \"Material_ID\": \"MAT-0008\",\n      \"Product_name\": \"Ethernet Cable\",\n      \"Category\": \"Electronics\",\n      \"Brand\": \"Belkin\",\n      \"Model_Number\": \"CAT6-100M\",\n      \"Description\": \"100m Cat6 Ethernet cable\",\n      \"Quantity\": 10001,\n      \"UoM\": \"EA\",\n      \"Price\": 5.00,\n      \"Plant\": \"PL01\",\n      \"Delivery_Date\": \"2026-04-05\",\n      \"Purchasing_Org\": \"PORG01\",\n      \"Purchasing_Group\": \"PG01\",\n      \"Company_Code\": \"C100\",\n      \"User_Role\": \"Buyer\",\n      \"Status\": \"\",\n      \"Expected_Result\": \"System blocks PO creation for quantity above allowed limit.\"\n    },\n    {\n      \"id\": \"TD-011\",\n      \"test_case_id\": \"TC-005\",\n      \"dATF_set_name\": \"Positive Test Data - PO Approval Flow\",\n      \"PO_Number\": \"PO20001\",\n      \"Vendor_ID\": \"VEND1009\",\n      \"Vendor_Name\": \"TechWarehouse\",\n      \"Material_ID\": \"MAT-0009\",\n      \"Product_name\": \"Laptop\",\n      \"Category\": \"Electronics\",\n      \"Brand\": \"Dell\",\n      \"Model_Number\": \"Latitude 5420\",\n      \"Description\": \"14-inch business laptop\",\n      \"Quantity\": 20,\n      \"UoM\": \"EA\",\n      \"Price\": 1200.00,\n      \"Plant\": \"PL01\",\n      \"Delivery_Date\": \"2026-04-10\",\n      \"Purchasing_Org\": \"PORG01\",\n      \"Purchasing_Group\": \"PG01\",\n      \"Company_Code\": \"C100\",\n      \"User_Role\": \"Buyer\",\n      \"Status\": \"Blocked for release\",\n      \"Approver_User\": \"APPR01\",\n      \"Expected_Result\": \"PO status is 'Blocked for release' until Approver releases; Buyer cannot release; audit trail records release.\"\n    },\n    {\n      \"id\": \"TD-012\",\n      \"test_case_id\": \"TC-005\",\n      \"dATF_set_name\": \"Negative Test Data - Buyer Attempts Release\",\n      \"PO_Number\": \"PO20002\",\n      \"Vendor_ID\": \"VEND1010\",\n      \"Vendor_Name\": \"OfficeHub\",\n      \"Material_ID\": \"MAT-0010\",\n      \"Product_name\": \"Projector\",\n      \"Category\": \"Electronics\",\n      \"Brand\": \"Epson\",\n      \"Model_Number\": \"EB-X41\",\n      \"Description\": \"LCD Projector\",\n      \"Quantity\": 2,\n      \"UoM\": \"EA\",\n      \"Price\": 600.00,\n      \"Plant\": \"PL02\",\n      \"Delivery_Date\": \"2026-04-12\",\n      \"Purchasing_Org\": \"PORG02\",\n      \"Purchasing_Group\": \"PG02\",\n      \"Company_Code\": \"C200\",\n      \"User_Role\": \"Buyer\",\n      \"Status\": \"Blocked for release\",\n      \"Approver_User\": \"\",\n      \"Expected_Result\": \"Buyer cannot release; release action unavailable or authorization error.\"\n    },\n    {\n      \"id\": \"TD-013\",\n      \"test_case_id\": \"TC-005\",\n      \"dATF_set_name\": \"Positive Test Data - Approver Releases PO\",\n      \"PO_Number\": \"PO20003\",\n      \"Vendor_ID\": \"VEND1011\",\n      \"Vendor_Name\": \"FurnitureDirect\",\n      \"Material_ID\": \"MAT-0011\",\n      \"Product_name\": \"Office Desk\",\n      \"Category\": \"Furniture\",\n      \"Brand\": \"Ikea\",\n      \"Model_Number\": \"BEKANT\",\n      \"Description\": \"Adjustable standing desk\",\n      \"Quantity\": 10,\n      \"UoM\": \"EA\",\n      \"Price\": 350.00,\n      \"Plant\": \"PL03\",\n      \"Delivery_Date\": \"2026-04-15\",\n      \"Purchasing_Org\": \"PORG03\",\n      \"Purchasing_Group\": \"PG03\",\n      \"Company_Code\": \"C300\",\n      \"User_Role\": \"Approver\",\n      \"Status\": \"Released\",\n      \"Approver_User\": \"APPR02\",\n      \"Expected_Result\": \"PO status updates to 'Released/Approved'; PO becomes eligible for GR.\"\n    },\n    {\n      \"id\": \"TD-014\",\n      \"test_case_id\": \"TC-006\",\n      \"dATF_set_name\": \"Positive Test Data - No FI Document at PO Creation\",\n      \"PO_Number\": \"PO20004\",\n      \"Vendor_ID\": \"VEND1012\",\n      \"Vendor_Name\": \"PaperMart\",\n      \"Material_ID\": \"MAT-0012\",\n      \"Product_name\": \"Copy Paper\",\n      \"Category\": \"Stationery\",\n      \"Brand\": \"Double A\",\n      \"Model_Number\": \"A4-80GSM\",\n      \"Description\": \"A4 Copy Paper 80gsm\",\n      \"Quantity\": 100,\n      \"UoM\": \"RM\",\n      \"Price\": 3.50,\n      \"Plant\": \"PL04\",\n      \"Delivery_Date\": \"2026-04-18\",\n      \"Purchasing_Org\": \"PORG04\",\n      \"Purchasing_Group\": \"PG04\",\n      \"Company_Code\": \"C400\",\n      \"User_Role\": \"Buyer\",\n      \"Status\": \"Saved\",\n      \"FI_Document\": \"\",\n      \"Expected_Result\": \"No FI document exists for PO creation; only purchasing document is present.\"\n    },\n    {\n      \"id\": \"TD-015\",\n      \"test_case_id\": \"TC-007\",\n      \"dATF_set_name\": \"Positive Test Data - Full GR Posting\",\n      \"PO_Number\": \"PO20005\",\n      \"Vendor_ID\": \"VEND1013\",\n      \"Vendor_Name\": \"TechWarehouse\",\n      \"Material_ID\": \"MAT-0009\",\n      \"Product_name\": \"Laptop\",\n      \"Category\": \"Electronics\",\n      \"Brand\": \"Dell\",\n      \"Model_Number\": \"Latitude 5420\",\n      \"Description\": \"14-inch business laptop\",\n      \"Quantity\": 20,\n      \"UoM\": \"EA\",\n      \"Price\": 1200.00,\n      \"Plant\": \"PL01\",\n      \"Delivery_Date\": \"2026-04-10\",\n      \"Purchasing_Org\": \"PORG01\",\n      \"Purchasing_Group\": \"PG01\",\n      \"Company_Code\": \"C100\",\n      \"User_Role\": \"GR Clerk\",\n      \"GR_Quantity\": 20,\n      \"GR_Document\": \"GRD10001\",\n      \"FI_Document\": \"FI10001\",\n      \"Expected_Result\": \"Material document and FI document created; FI posts debit to Inventory/Expense and credit to GR/IR.\"\n    },\n    {\n      \"id\": \"TD-016\",\n      \"test_case_id\": \"TC-007\",\n      \"dATF_set_name\": \"Negative Test Data - GR for Unreleased PO\",\n      \"PO_Number\": \"PO20006\",\n      \"Vendor_ID\": \"VEND1014\",\n      \"Vendor_Name\": \"OfficeHub\",\n      \"Material_ID\": \"MAT-0010\",\n      \"Product_name\": \"Projector\",\n      \"Category\": \"Electronics\",\n      \"Brand\": \"Epson\",\n      \"Model_Number\": \"EB-X41\",\n      \"Description\": \"LCD Projector\",\n      \"Quantity\": 2,\n      \"UoM\": \"EA\",\n      \"Price\": 600.00,\n      \"Plant\": \"PL02\",\n      \"Delivery_Date\": \"2026-04-12\",\n      \"Purchasing_Org\": \"PORG02\",\n      \"Purchasing_Group\": \"PG02\",\n      \"Company_Code\": \"C200\",\n      \"User_Role\": \"GR Clerk\",\n      \"GR_Quantity\": 2,\n      \"GR_Document\": \"\",\n      \"FI_Document\": \"\",\n      \"Expected_Result\": \"System blocks GR posting; error message indicates PO approval required.\"\n    },\n    {\n      \"id\": \"TD-017\",\n      \"test_case_id\": \"TC-008\",\n      \"dATF_set_name\": \"Positive Test Data - Partial GR Posting\",\n      \"PO_Number\": \"PO20007\",\n      \"Vendor_ID\": \"VEND1015\",\n      \"Vendor_Name\": \"FurnitureDirect\",\n      \"Material_ID\": \"MAT-0011\",\n      \"Product_name\": \"Office Desk\",\n      \"Category\": \"Furniture\",\n      \"Brand\": \"Ikea\",\n      \"Model_Number\": \"BEKANT\",\n      \"Description\": \"Adjustable standing desk\",\n      \"Quantity\": 10,\n      \"UoM\": \"EA\",\n      \"Price\": 350.00,\n      \"Plant\": \"PL03\",\n      \"Delivery_Date\": \"2026-04-15\",\n      \"Purchasing_Org\": \"PORG03\",\n      \"Purchasing_Group\": \"PG03\",\n      \"Company_Code\": \"C300\",\n      \"User_Role\": \"GR Clerk\",\n      \"GR_Quantity\": 6,\n      \"Open_Quantity\": 4,\n      \"GR_Document\": \"GRD10002\",\n      \"FI_Document\": \"FI10002\",\n      \"Expected_Result\": \"Partial GR posted; received and open quantities updated in PO history; FI document for received quantity only.\"\n    },\n    {\n      \"id\": \"TD-018\",\n      \"test_case_id\": \"TC-008\",\n      \"dATF_set_name\": \"Boundary Test Data - GR for Last Remaining Quantity\",\n      \"PO_Number\": \"PO20007\",\n      \"Vendor_ID\": \"VEND1015\",\n      \"Vendor_Name\": \"FurnitureDirect\",\n      \"Material_ID\": \"MAT-0011\",\n      \"Product_name\": \"Office Desk\",\n      \"Category\": \"Furniture\",\n      \"Brand\": \"Ikea\",\n      \"Model_Number\": \"BEKANT\",\n      \"Description\": \"Adjustable standing desk\",\n      \"Quantity\": 10,\n      \"UoM\": \"EA\",\n      \"Price\": 350.00,\n      \"Plant\": \"PL03\",\n      \"Delivery_Date\": \"2026-04-15\",\n      \"Purchasing_Org\": \"PORG03\",\n      \"Purchasing_Group\": \"PG03\",\n      \"Company_Code\": \"C300\",\n      \"User_Role\": \"GR Clerk\",\n      \"GR_Quantity\": 4,\n      \"Open_Quantity\": 0,\n      \"GR_Document\": \"GRD10003\",\n      \"FI_Document\": \"FI10003\",\n      \"Expected_Result\": \"Final GR posted; open quantity is zero.\"\n    },\n    {\n      \"id\": \"TD-019\",\n      \"test_case_id\": \"TC-009\",\n      \"dATF_set_name\": \"Negative Test Data - GR for Unreleased PO\",\n      \"PO_Number\": \"PO20008\",\n      \"Vendor_ID\": \"VEND1016\",\n      \"Vendor_Name\": \"MegaOffice\",\n      \"Material_ID\": \"MAT-0007\",\n      \"Product_name\": \"Conference Table\",\n      \"Category\": \"Furniture\",\n      \"Brand\": \"Steelcase\",\n      \"Model_Number\": \"CT-XL\",\n      \"Description\": \"Large conference table, 20 seats\",\n      \"Quantity\": 5,\n      \"UoM\": \"EA\",\n      \"Price\": 15000.00,\n      \"Plant\": \"PL04\",\n      \"Delivery_Date\": \"2026-04-20\",\n      \"Purchasing_Org\": \"PORG04\",\n      \"Purchasing_Group\": \"PG04\",\n      \"Company_Code\": \"C400\",\n      \"User_Role\": \"GR Clerk\",\n      \"GR_Quantity\": 5,\n      \"GR_Document\": \"\",\n      \"FI_Document\": \"\",\n      \"Expected_Result\": \"System blocks GR posting; error message indicates PO approval required; no material or FI document created.\"\n    },\n    {\n      \"id\": \"TD-020\",\n      \"test_case_id\": \"TC-010\",\n      \"dATF_set_name\": \"Positive Test Data - 3-Way Match Invoice Within Tolerance\",\n      \"PO_Number\": \"PO20009\",\n      \"Vendor_ID\": \"VEND1017\",\n      \"Vendor_Name\": \"Tech Distributors Inc.\",\n      \"Material_ID\": \"MAT-0002\",\n      \"Product_name\": \"USB Flash Drive\",\n      \"Category\": \"Electronics\",\n      \"Brand\": \"SanDisk\",\n      \"Model_Number\": \"SDCZ50-016G\",\n      \"Description\": \"16GB USB 2.0 Flash Drive\",\n      \"Quantity\": 100,\n      \"UoM\": \"EA\",\n      \"Price\": 5.00,\n      \"Plant\": \"PL02\",\n      \"Delivery_Date\": \"2026-04-22\",\n      \"Purchasing_Org\": \"PORG02\",\n      \"Purchasing_Group\": \"PG02\",\n      \"Company_Code\": \"C200\",\n      \"User_Role\": \"AP Clerk\",\n      \"Invoice_Number\": \"INV10001\",\n      \"Invoice_Date\": \"2026-04-23\",\n      \"Invoice_Amount\": 500.00,\n      \"Invoice_Quantity\": 100,\n      \"GR_Quantity\": 100,\n      \"Tolerance\": 0.00,\n      \"FI_Document\": \"FI10004\",\n      \"Payment_Block\": \"\",\n      \"Expected_Result\": \"Invoice posted without block; FI document created; GR/IR cleared for invoiced quantity.\"\n    },\n    {\n      \"id\": \"TD-021\",\n      \"test_case_id\": \"TC-010\",\n      \"dATF_set_name\": \"Boundary Test Data - Invoice at Tolerance Limit\",\n      \"PO_Number\": \"PO20009\",\n      \"Vendor_ID\": \"VEND1017\",\n      \"Vendor_Name\": \"Tech Distributors Inc.\",\n      \"Material_ID\": \"MAT-0002\",\n      \"Product_name\": \"USB Flash Drive\",\n      \"Category\": \"Electronics\",\n      \"Brand\": \"SanDisk\",\n      \"Model_Number\": \"SDCZ50-016G\",\n      \"Description\": \"16GB USB 2.0 Flash Drive\",\n      \"Quantity\": 100,\n      \"UoM\": \"EA\",\n      \"Price\": 5.00,\n      \"Plant\": \"PL02\",\n      \"Delivery_Date\": \"2026-04-22\",\n      \"Purchasing_Org\": \"PORG02\",\n      \"Purchasing_Group\": \"PG02\",\n      \"Company_Code\": \"C200\",\n      \"User_Role\": \"AP Clerk\",\n      \"Invoice_Number\": \"INV10002\",\n      \"Invoice_Date\": \"2026-04-24\",\n      \"Invoice_Amount\": 505.00,\n      \"Invoice_Quantity\": 100,\n      \"GR_Quantity\": 100,\n      \"Tolerance\": 1.00,\n      \"FI_Document\": \"FI10005\",\n      \"Payment_Block\": \"\",\n      \"Expected_Result\": \"Invoice posted at tolerance limit; not blocked.\"\n    },\n    {\n      \"id\": \"TD-022\",\n      \"test_case_id\": \"TC-011\",\n      \"dATF_set_name\": \"Negative Test Data - Invoice Price Exceeds Tolerance\",\n      \"PO_Number\": \"PO20010\",\n      \"Vendor_ID\": \"VEND1018\",\n      \"Vendor_Name\": \"Acme Supplies Ltd.\",\n      \"Material_ID\": \"MAT-0001\",\n      \"Product_name\": \"Wireless Mouse\",\n      \"Category\": \"Electronics\",\n      \"Brand\": \"LogiTech\",\n      \"Model_Number\": \"M185\",\n      \"Description\": \"Wireless optical mouse, black\",\n      \"Quantity\": 50,\n      \"UoM\": \"EA\",\n      \"Price\": 15.99,\n      \"Plant\": \"PL01\",\n      \"Delivery_Date\": \"2026-04-25\",\n      \"Purchasing_Org\": \"PORG01\",\n      \"Purchasing_Group\": \"PG01\",\n      \"Company_Code\": \"C100\",\n      \"User_Role\": \"AP Clerk\",\n      \"Invoice_Number\": \"INV10003\",\n      \"Invoice_Date\": \"2026-04-26\",\n      \"Invoice_Amount\": 900.00,\n      \"Invoice_Quantity\": 50,\n      \"GR_Quantity\": 50,\n      \"Tolerance\": 0.05,\n      \"FI_Document\": \"FI10006\",\n      \"Payment_Block\": \"X\",\n      \"Block_Reason\": \"Price variance\",\n      \"Expected_Result\": \"Invoice is blocked for payment; payment block indicator and reason visible; invoice cannot be paid until resolved.\"\n    },\n    {\n      \"id\": \"TD-023\",\n      \"test_case_id\": \"TC-012\",\n      \"dATF_set_name\": \"Negative Test Data - Invoice Quantity Exceeds Tolerance\",\n      \"PO_Number\": \"PO20011\",\n      \"Vendor_ID\": \"VEND1019\",\n      \"Vendor_Name\": \"Stationery World\",\n      \"Material_ID\": \"MAT-0005\",\n      \"Product_name\": \"Monitor Stand\",\n      \"Category\": \"Accessories\",\n      \"Brand\": \"AmazonBasics\",\n      \"Model_Number\": \"AB-MS01\",\n      \"Description\": \"Adjustable monitor stand\",\n      \"Quantity\": 20,\n      \"UoM\": \"EA\",\n      \"Price\": 25.50,\n      \"Plant\": \"PL02\",\n      \"Delivery_Date\": \"2026-04-28\",\n      \"Purchasing_Org\": \"PORG02\",\n      \"Purchasing_Group\": \"PG02\",\n      \"Company_Code\": \"C200\",\n      \"User_Role\": \"AP Clerk\",\n      \"Invoice_Number\": \"INV10004\",\n      \"Invoice_Date\": \"2026-04-29\",\n      \"Invoice_Amount\": 600.00,\n      \"Invoice_Quantity\": 25,\n      \"GR_Quantity\": 20,\n      \"Tolerance\": 0.05,\n      \"FI_Document\": \"FI10007\",\n      \"Payment_Block\": \"X\",\n      \"Block_Reason\": \"Quantity variance\",\n      \"Expected_Result\": \"Invoice is blocked for payment; payment block indicator and reason visible; invoice status reflects block.\"\n    },\n    {\n      \"id\": \"TD-024\",\n      \"test_case_id\": \"TC-013\",\n      \"dATF_set_name\": \"Positive Test Data - GR/IR Clearing After Invoice\",\n      \"PO_Number\": \"PO20012\",\n      \"Vendor_ID\": \"VEND1020\",\n      \"Vendor_Name\": \"Global IT Supplies\",\n      \"Material_ID\": \"MAT-0004\",\n      \"Product_name\": \"Desk Chair\",\n      \"Category\": \"Furniture\",\n      \"Brand\": \"Ikea\",\n      \"Model_Number\": \"MARKUS\",\n      \"Description\": \"Ergonomic office chair\",\n      \"Quantity\": 10,\n      \"UoM\": \"EA\",\n      \"Price\": 120.00,\n      \"Plant\": \"PL01\",\n      \"Delivery_Date\": \"2026-05-01\",\n      \"Purchasing_Org\": \"PORG01\",\n      \"Purchasing_Group\": \"PG01\",\n      \"Company_Code\": \"C100\",\n      \"User_Role\": \"AP Clerk\",\n      \"Invoice_Number\": \"INV10005\",\n      \"Invoice_Date\": \"2026-05-02\",\n      \"Invoice_Amount\": 1200.00,\n      \"Invoice_Quantity\": 10,\n      \"GR_Quantity\": 10,\n      \"GRIR_Balance_Before\": 1200.00,\n      \"GRIR_Balance_After\": 0.00,\n      \"FI_Document\": \"FI10008\",\n      \"Expected_Result\": \"GR/IR open item is offset by invoice; balance reduced or cleared; clearing reference visible.\"\n    },\n    {\n      \"id\": \"TD-025\",\n      \"test_case_id\": \"TC-014\",\n      \"dATF_set_name\": \"Positive Test Data - Real-Time FI Document for GR\",\n      \"PO_Number\": \"PO20013\",\n      \"Vendor_ID\": \"VEND1021\",\n      \"Vendor_Name\": \"GadgetPro\",\n      \"Material_ID\": \"MAT-0006\",\n      \"Product_name\": \"Bluetooth Speaker\",\n      \"Category\": \"Electronics\",\n      \"Brand\": \"JBL\",\n      \"Model_Number\": \"GO2\",\n      \"Description\": \"Portable Bluetooth speaker\",\n      \"Quantity\": 30,\n      \"UoM\": \"EA\",\n      \"Price\": 35.00,\n      \"Plant\": \"PL03\",\n      \"Delivery_Date\": \"2026-05-05\",\n      \"Purchasing_Org\": \"PORG03\",\n      \"Purchasing_Group\": \"PG03\",\n      \"Company_Code\": \"C300\",\n      \"User_Role\": \"GR Clerk\",\n      \"GR_Quantity\": 30,\n      \"GR_Document\": \"GRD10004\",\n      \"FI_Document\": \"FI10009\",\n      \"FI_Posting_Date\": \"2026-05-05T10:15:00\",\n      \"Expected_Result\": \"FI document is available instantly; posting date/time matches GR posting; document linkage exists.\"\n    },\n    {\n      \"id\": \"TD-026\",\n      \"test_case_id\": \"TC-015\",\n      \"dATF_set_name\": \"Positive Test Data - Vendor Liability in FI After Invoice\",\n      \"PO_Number\": \"PO20014\",\n      \"Vendor_ID\": \"VEND1022\",\n      \"Vendor_Name\": \"PaperMart\",\n      \"Material_ID\": \"MAT-0012\",\n      \"Product_name\": \"Copy Paper\",\n      \"Category\": \"Stationery\",\n      \"Brand\": \"Double A\",\n      \"Model_Number\": \"A4-80GSM\",\n      \"Description\": \"A4 Copy Paper 80gsm\",\n      \"Quantity\": 200,\n      \"UoM\": \"RM\",\n      \"Price\": 3.50,\n      \"Plant\": \"PL04\",\n      \"Delivery_Date\": \"2026-05-08\",\n      \"Purchasing_Org\": \"PORG04\",\n      \"Purchasing_Group\": \"PG04\",\n      \"Company_Code\": \"C400\",\n      \"User_Role\": \"AP Clerk\",\n      \"Invoice_Number\": \"INV10006\",\n      \"Invoice_Date\": \"2026-05-09\",\n      \"Invoice_Amount\": 700.00,\n      \"Invoice_Quantity\": 200,\n      \"Vendor_Recon_Account\": \"160000\",\n      \"FI_Document\": \"FI10010\",\n      \"Vendor_Open_Item\": \"X\",\n      \"Due_Date\": \"2026-06-08\",\n      \"Payment_Terms\": \"30D\",\n      \"Expected_Result\": \"FI document created; vendor open item visible; due date and payment terms derived as configured.\"\n    },\n    {\n      \"id\": \"TD-027\",\n      \"test_case_id\": \"TC-016\",\n      \"dATF_set_name\": \"Positive Test Data - Correct GL Account Determination\",\n      \"PO_Number\": \"PO20015\",\n      \"Vendor_ID\": \"VEND1023\",\n      \"Vendor_Name\": \"BulkBuyers\",\n      \"Material_ID\": \"MAT-0008\",\n      \"Product_name\": \"Ethernet Cable\",\n      \"Category\": \"Electronics\",\n      \"Brand\": \"Belkin\",\n      \"Model_Number\": \"CAT6-100M\",\n      \"Description\": \"100m Cat6 Ethernet cable\",\n      \"Quantity\": 100,\n      \"UoM\": \"EA\",\n      \"Price\": 5.00,\n      \"Plant\": \"PL01\",\n      \"Delivery_Date\": \"2026-05-10\",\n      \"Purchasing_Org\": \"PORG01\",\n      \"Purchasing_Group\": \"PG01\",\n      \"Company_Code\": \"C100\",\n      \"User_Role\": \"GR Clerk\",\n      \"GR_Quantity\": 100,\n      \"FI_Document\": \"FI10011\",\n      \"Inventory_GL\": \"300000\",\n      \"GRIR_GL\": \"210000\",\n      \"Expected_Result\": \"Inventory/expense and GR/IR GL accounts match configuration and company standards.\"\n    },\n    {\n      \"id\": \"TD-028\",\n      \"test_case_id\": \"TC-017\",\n      \"dATF_set_name\": \"Positive Test Data - PO History with Document Flow\",\n      \"PO_Number\": \"PO20016\",\n      \"Vendor_ID\": \"VEND1024\",\n      \"Vendor_Name\": \"OfficeMart\",\n      \"Material_ID\": \"MAT-0003\",\n      \"Product_name\": \"Laser Printer\",\n      \"Category\": \"Office Equipment\",\n      \"Brand\": \"HP\",\n      \"Model_Number\": \"M404dn\",\n      \"Description\": \"Monochrome Laser Printer\",\n      \"Quantity\": 5,\n      \"UoM\": \"EA\",\n      \"Price\": 999.99,\n      \"Plant\": \"PL03\",\n      \"Delivery_Date\": \"2026-05-12\",\n      \"Purchasing_Org\": \"PORG03\",\n      \"Purchasing_Group\": \"PG03\",\n      \"Company_Code\": \"C300\",\n      \"User_Role\": \"Buyer\",\n      \"GR_Document\": \"GRD10005\",\n      \"Invoice_Number\": \"INV10007\",\n      \"PO_History_Entries\": [\n        \"PO20016\",\n        \"GRD10005\",\n        \"INV10007\"\n      ],\n      \"Expected_Result\": \"Entries for GR and IR exist; document numbers, dates, quantities, amounts, and status are displayed.\"\n    },\n    {\n      \"id\": \"TD-029\",\n      \"test_case_id\": \"TC-018\",\n      \"dATF_set_name\": \"Positive Test Data - View GR Status\",\n      \"PO_Number\": \"PO20017\",\n      \"Vendor_ID\": \"VEND1025\",\n      \"Vendor_Name\": \"Tech Distributors Inc.\",\n      \"Material_ID\": \"MAT-0002\",\n      \"Product_name\": \"USB Flash Drive\",\n      \"Category\": \"Electronics\",\n      \"Brand\": \"SanDisk\",\n      \"Model_Number\": \"SDCZ50-016G\",\n      \"Description\": \"16GB USB 2.0 Flash Drive\",\n      \"Quantity\": 50,\n      \"UoM\": \"EA\",\n      \"Price\": 5.00,\n      \"Plant\": \"PL02\",\n      \"Delivery_Date\": \"2026-05-15\",\n      \"Purchasing_Org\": \"PORG02\",\n      \"Purchasing_Group\": \"PG02\",\n      \"Company_Code\": \"C200\",\n      \"User_Role\": \"Buyer\",\n      \"Received_Quantity\": 30,\n      \"Open_Quantity\": 20,\n      \"Expected_Result\": \"Received quantity equals posted GR; open quantity remains; status updates in real time.\"\n    },\n    {\n      \"id\": \"TD-030\",\n      \"test_case_id\": \"TC-019\",\n      \"dATF_set_name\": \"Positive Test Data - Invoice Block Indicator Visible\",\n      \"PO_Number\": \"PO20018\",\n      \"Vendor_ID\": \"VEND1026\",\n      \"Vendor_Name\": \"Acme Supplies Ltd.\",\n      \"Material_ID\": \"MAT-0001\",\n      \"Product_name\": \"Wireless Mouse\",\n      \"Category\": \"Electronics\",\n      \"Brand\": \"LogiTech\",\n      \"Model_Number\": \"M185\",\n      \"Description\": \"Wireless optical mouse, black\",\n      \"Quantity\": 10,\n      \"UoM\": \"EA\",\n      \"Price\": 15.99,\n      \"Plant\": \"PL01\",\n      \"Delivery_Date\": \"2026-05-18\",\n      \"Purchasing_Org\": \"PORG01\",\n      \"Purchasing_Group\": \"PG01\",\n      \"Company_Code\": \"C100\",\n      \"User_Role\": \"AP Clerk\",\n      \"Invoice_Number\": \"INV10008\",\n      \"Invoice_Status\": \"Blocked\",\n      \"Payment_Block\": \"X\",\n      \"Block_Reason\": \"Price variance\",\n      \"Expected_Result\": \"Invoice status is 'Blocked'; payment block indicator and reason are displayed; block reason corresponds to discrepancy.\"\n    },\n    {\n      \"id\": \"TD-031\",\n      \"test_case_id\": \"TC-020\",\n      \"dATF_set_name\": \"Positive Test Data - GR/IR Balance Report\",\n      \"Company_Code\": \"C100\",\n      \"Period\": \"2026-05\",\n      \"PO_Number\": \"PO20019\",\n      \"GR_Document\": \"GRD10006\",\n      \"Invoice_Number\": \"\",\n      \"GRIR_Open_Balance\": 2000.00,\n      \"GRIR_Cleared_Balance\": 0.00,\n      \"Expected_Result\": \"Open GR/IR items for uninvoiced GRs are visible; fully matched POs do not appear as open; report links to FI documents.\"\n    },\n    {\n      \"id\": \"TD-032\",\n      \"test_case_id\": \"TC-021\",\n      \"dATF_set_name\": \"Negative Test Data - Buyer Cannot Post Invoice\",\n      \"User_ID\": \"BUYER01\",\n      \"User_Role\": \"Buyer\",\n      \"Attempted_Action\": \"Create Supplier Invoice\",\n      \"Access_Result\": \"Denied\",\n      \"Expected_Result\": \"Access denied or app not visible; Buyer cannot post invoices.\"\n    },\n    {\n      \"id\": \"TD-033\",\n      \"test_case_id\": \"TC-022\",\n      \"dATF_set_name\": \"Negative Test Data - AP User Cannot Release PO\",\n      \"User_ID\": \"APUSER01\",\n      \"User_Role\": \"AP Clerk\",\n      \"PO_Number\": \"PO20020\",\n      \"PO_Status\": \"Blocked for release\",\n      \"Release_Authorization\": \"No\",\n      \"Attempted_Action\": \"Release PO\",\n      \"Access_Result\": \"Denied\",\n      \"Expected_Result\": \"Authorization error or release button not available; AP user cannot release PO.\"\n    },\n    {\n      \"id\": \"TD-034\",\n      \"test_case_id\": \"TC-023\",\n      \"dATF_set_name\": \"UI Visibility DATF - Release PO Button Only for Approver\",\n      \"User_ID\": \"BUYER01\",\n      \"User_Role\": \"Buyer\",\n      \"PO_Number\": \"PO20021\",\n      \"PO_Status\": \"Blocked for release\",\n      \"Release_Button_Visible\": \"No\",\n      \"Expected_Result\": \"Release PO button not visible for Buyer.\"\n    },\n    {\n      \"id\": \"TD-035\",\n      \"test_case_id\": \"TC-023\",\n      \"dATF_set_name\": \"UI Visibility DATF - Release PO Button for Approver\",\n      \"User_ID\": \"APPR01\",\n      \"User_Role\": \"Approver\",\n      \"PO_Number\": \"PO20021\",\n      \"PO_Status\": \"Blocked for release\",\n      \"Release_Button_Visible\": \"Yes\",\n      \"Expected_Result\": \"Release PO button visible and actionable for Approver.\"\n    },\n    {\n      \"id\": \"TD-036\",\n      \"test_case_id\": \"TC-024\",\n      \"dATF_set_name\": \"UI Visibility DATF - GR Posting App Not Visible for Unauthorized User\",\n      \"User_ID\": \"USER01\",\n      \"User_Role\": \"Viewer\",\n      \"GR_Posting_App_Visible\": \"No\",\n      \"Expected_Result\": \"GR posting app/action not visible or access denied for non-authorized user.\"\n    },\n    {\n      \"id\": \"TD-037\",\n      \"test_case_id\": \"TC-024\",\n      \"dATF_set_name\": \"UI Visibility DATF - GR Posting App Visible for GR Clerk\",\n      \"User_ID\": \"GRCLERK01\",\n      \"User_Role\": \"GR Clerk\",\n      \"GR_Posting_App_Visible\": \"Yes\",\n      \"Expected_Result\": \"GR posting app/action visible for GR clerk.\"\n    },\n    {\n      \"id\": \"TD-038\",\n      \"test_case_id\": \"TC-025\",\n      \"dATF_set_name\": \"UI Visibility DATF - Payment Block Indicator on Blocked Invoice\",\n      \"Invoice_Number\": \"INV10009\",\n      \"Invoice_Status\": \"Blocked\",\n      \"Payment_Block\": \"X\",\n      \"Block_Reason\": \"Quantity variance\",\n      \"Payment_Block_Visible\": \"Yes\",\n      \"Expected_Result\": \"Payment Block indicator is visible and populated with reason.\"\n    },\n    {\n      \"id\": \"TD-039\",\n      \"test_case_id\": \"TC-026\",\n      \"dATF_set_name\": \"Positive Test Data - No Open GR/IR at Period Close\",\n      \"PO_Number\": \"PO20022\",\n      \"GR_Document\": \"GRD10007\",\n      \"Invoice_Number\": \"INV10010\",\n      \"GRIR_Open_Balance\": 0.00,\n      \"Tolerance\": 0.00,\n      \"Expected_Result\": \"No open GR/IR for fully matched POs; residuals only within tolerances; flagged if beyond tolerance.\"\n    },\n    {\n      \"id\": \"TD-040\",\n      \"test_case_id\": \"TC-027\",\n      \"dATF_set_name\": \"Negative Test Data - PO with Past Delivery Date\",\n      \"PO_Number\": \"\",\n      \"Vendor_ID\": \"VEND1027\",\n      \"Vendor_Name\": \"GadgetPro\",\n      \"Material_ID\": \"MAT-0006\",\n      \"Product_name\": \"Bluetooth Speaker\",\n      \"Category\": \"Electronics\",\n      \"Brand\": \"JBL\",\n      \"Model_Number\": \"GO2\",\n      \"Description\": \"Portable Bluetooth speaker\",\n      \"Quantity\": 10,\n      \"UoM\": \"EA\",\n      \"Price\": 35.00,\n      \"Plant\": \"PL03\",\n      \"Delivery_Date\": \"2025-12-31\",\n      \"Purchasing_Org\": \"PORG03\",\n      \"Purchasing_Group\": \"PG03\",\n      \"Company_Code\": \"C300\",\n      \"User_Role\": \"Buyer\",\n      \"Expected_Result\": \"System displays error or warning; PO creation is blocked if delivery date is not valid.\"\n    },\n    {\n      \"id\": \"TD-041\",\n      \"test_case_id\": \"TC-028\",\n      \"dATF_set_name\": \"Negative Test Data - PO with Invalid Plant\",\n      \"PO_Number\": \"\",\n      \"Vendor_ID\": \"VEND1028\",\n      \"Vendor_Name\": \"MegaOffice\",\n      \"Material_ID\": \"MAT-0007\",\n      \"Product_name\": \"Conference Table\",\n      \"Category\": \"Furniture\",\n      \"Brand\": \"Steelcase\",\n      \"Model_Number\": \"CT-XL\",\n      \"Description\": \"Large conference table, 20 seats\",\n      \"Quantity\": 1,\n      \"UoM\": \"EA\",\n      \"Price\": 15000.00,\n      \"Plant\": \"INVALID01\",\n      \"Delivery_Date\": \"2026-06-01\",\n      \"Purchasing_Org\": \"PORG04\",\n      \"Purchasing_Group\": \"PG04\",\n      \"Company_Code\": \"C400\",\n      \"User_Role\": \"Buyer\",\n      \"Expected_Result\": \"System displays error message; PO is not created.\"\n    },\n    {\n      \"id\": \"TD-042\",\n      \"test_case_id\": \"TC-029\",\n      \"dATF_set_name\": \"Negative Test Data - Duplicate PO Number\",\n      \"PO_Number\": \"PO20023\",\n      \"Vendor_ID\": \"VEND1029\",\n      \"Vendor_Name\": \"BulkBuyers\",\n      \"Material_ID\": \"MAT-0008\",\n      \"Product_name\": \"Ethernet Cable\",\n      \"Category\": \"Electronics\",\n      \"Brand\": \"Belkin\",\n      \"Model_Number\": \"CAT6-100M\",\n      \"Description\": \"100m Cat6 Ethernet cable\",\n      \"Quantity\": 100,\n      \"UoM\": \"EA\",\n      \"Price\": 5.00,\n      \"Plant\": \"PL01\",\n      \"Delivery_Date\": \"2026-06-05\",\n      \"Purchasing_Org\": \"PORG01\",\n      \"Purchasing_Group\": \"PG01\",\n      \"Company_Code\": \"C100\",\n      \"User_Role\": \"Buyer\",\n      \"Expected_Result\": \"System prevents duplicate PO number; error displayed.\"\n    },\n    {\n      \"id\": \"TD-043\",\n      \"test_case_id\": \"TC-030\",\n      \"dATF_set_name\": \"Positive Test Data - PO Approval Audit Trail\",\n      \"PO_Number\": \"PO20024\",\n      \"Approver_User\": \"APPR03\",\n      \"Approval_Timestamp\": \"2026-06-10T14:22:00\",\n      \"Audit_Trail_Entry\": \"PO20024 approved by APPR03 on 2026-06-10 14:22:00\",\n      \"Expected_Result\": \"Audit trail displays user and timestamp for PO approval.\"\n    },\n    {\n      \"id\": \"TD-044\",\n      \"test_case_id\": \"TC-031\",\n      \"dATF_set_name\": \"Positive Test Data - GR for Non-Stock Material\",\n      \"PO_Number\": \"PO20025\",\n      \"Vendor_ID\": \"VEND1030\",\n      \"Vendor_Name\": \"Stationery World\",\n      \"Material_ID\": \"MAT-0013\",\n      \"Product_name\": \"Consulting Service\",\n      \"Category\": \"Services\",\n      \"Brand\": \"\",\n      \"Model_Number\": \"\",\n      \"Description\": \"IT Consulting Hourly Service\",\n      \"Quantity\": 40,\n      \"UoM\": \"HR\",\n      \"Price\": 100.00,\n      \"Plant\": \"PL02\",\n      \"Delivery_Date\": \"2026-06-12\",\n      \"Purchasing_Org\": \"PORG02\",\n      \"Purchasing_Group\": \"PG02\",\n      \"Company_Code\": \"C200\",\n      \"User_Role\": \"GR Clerk\",\n      \"Account_Assignment\": \"K\",\n      \"Expense_GL\": \"400000\",\n      \"GR_Quantity\": 40,\n      \"FI_Document\": \"FI10012\",\n      \"Expected_Result\": \"FI document debits expense account and credits GR/IR account.\"\n    },\n    {\n      \"id\": \"TD-045\",\n      \"test_case_id\": \"TC-032\",\n      \"dATF_set_name\": \"Positive Test Data - Partial Invoice for Partial GR\",\n      \"PO_Number\": \"PO20026\",\n      \"Vendor_ID\": \"VEND1031\",\n      \"Vendor_Name\": \"Acme Supplies Ltd.\",\n      \"Material_ID\": \"MAT-0001\",\n      \"Product_name\": \"Wireless Mouse\",\n      \"Category\": \"Electronics\",\n      \"Brand\": \"LogiTech\",\n      \"Model_Number\": \"M185\",\n      \"Description\": \"Wireless optical mouse, black\",\n      \"Quantity\": 20,\n      \"UoM\": \"EA\",\n      \"Price\": 15.99,\n      \"Plant\": \"PL01\",\n      \"Delivery_Date\": \"2026-06-15\",\n      \"Purchasing_Org\": \"PORG01\",\n      \"Purchasing_Group\": \"PG01\",\n      \"Company_Code\": \"C100\",\n      \"User_Role\": \"AP Clerk\",\n      \"Invoice_Number\": \"INV10011\",\n      \"Invoice_Quantity\": 10,\n      \"GR_Quantity\": 10,\n      \"GRIR_Balance_Before\": 319.80,\n      \"GRIR_Balance_After\": 159.90,\n      \"Expected_Result\": \"Invoice posted for partial quantity; GR/IR partially cleared.\"\n    },\n    {\n      \"id\": \"TD-046\",\n      \"test_case_id\": \"TC-033\",\n      \"dATF_set_name\": \"Boundary Test Data - Invoice Posting with Earliest Payment Term\",\n      \"PO_Number\": \"PO20027\",\n      \"Vendor_ID\": \"VEND1032\",\n      \"Vendor_Name\": \"TechWarehouse\",\n      \"Material_ID\": \"MAT-0009\",\n      \"Product_name\": \"Laptop\",\n      \"Category\": \"Electronics\",\n      \"Brand\": \"Dell\",\n      \"Model_Number\": \"Latitude 5420\",\n      \"Description\": \"14-inch business laptop\",\n      \"Quantity\": 5,\n      \"UoM\": \"EA\",\n      \"Price\": 1200.00,\n      \"Plant\": \"PL01\",\n      \"Delivery_Date\": \"2026-06-18\",\n      \"Purchasing_Org\": \"PORG01\",\n      \"Purchasing_Group\": \"PG01\",\n      \"Company_Code\": \"C100\",\n      \"User_Role\": \"AP Clerk\",\n      \"Invoice_Number\": \"INV10012\",\n      \"Invoice_Date\": \"2026-06-19\",\n      \"Payment_Terms\": \"0D\",\n      \"Due_Date\": \"2026-06-19\",\n      \"Expected_Result\": \"Due date and payment terms are derived as configured for boundary values.\"\n    },\n    {\n      \"id\": \"TD-047\",\n      \"test_case_id\": \"TC-033\",\n      \"dATF_set_name\": \"Boundary Test Data - Invoice Posting with Latest Payment Term\",\n      \"PO_Number\": \"PO20027\",\n      \"Vendor_ID\": \"VEND1032\",\n      \"Vendor_Name\": \"TechWarehouse\",\n      \"Material_ID\": \"MAT-0009\",\n      \"Product_name\": \"Laptop\",\n      \"Category\": \"Electronics\",\n      \"Brand\": \"Dell\",\n      \"Model_Number\": \"Latitude 5420\",\n      \"Description\": \"14-inch business laptop\",\n      \"Quantity\": 5,\n      \"UoM\": \"EA\",\n      \"Price\": 1200.00,\n      \"Plant\": \"PL01\",\n      \"Delivery_Date\": \"2026-06-18\",\n      \"Purchasing_Org\": \"PORG01\",\n      \"Purchasing_Group\": \"PG01\",\n      \"Company_Code\": \"C100\",\n      \"User_Role\": \"AP Clerk\",\n      \"Invoice_Number\": \"INV10013\",\n      \"Invoice_Date\": \"2026-06-19\",\n      \"Payment_Terms\": \"90D\",\n      \"Due_Date\": \"2026-09-17\",\n      \"Expected_Result\": \"Due date and payment terms are derived as configured for boundary values.\"\n    },\n    {\n      \"id\": \"TD-048\",\n      \"test_case_id\": \"TC-034\",\n      \"dATF_set_name\": \"Negative Test Data - Invoice Posting with Inactive Vendor\",\n      \"PO_Number\": \"PO20028\",\n      \"Vendor_ID\": \"VEND1033\",\n      \"Vendor_Name\": \"Inactive Vendor\",\n      \"Material_ID\": \"MAT-0002\",\n      \"Product_name\": \"USB Flash Drive\",\n      \"Category\": \"Electronics\",\n      \"Brand\": \"SanDisk\",\n      \"Model_Number\": \"SDCZ50-016G\",\n      \"Description\": \"16GB USB 2.0 Flash Drive\",\n      \"Quantity\": 10,\n      \"UoM\": \"EA\",\n      \"Price\": 5.00,\n      \"Plant\": \"PL02\",\n      \"Delivery_Date\": \"2026-06-20\",\n      \"Purchasing_Org\": \"PORG02\",\n      \"Purchasing_Group\": \"PG02\",\n      \"Company_Code\": \"C200\",\n      \"User_Role\": \"AP Clerk\",\n      \"Vendor_Status\": \"Inactive\",\n      \"Expected_Result\": \"System blocks invoice posting; error message displayed.\"\n    },\n    {\n      \"id\": \"TD-049\",\n      \"test_case_id\": \"TC-035\",\n      \"dATF_set_name\": \"Positive Test Data - GR/IR Clearing for Multiple Invoices\",\n      \"PO_Number\": \"PO20029\",\n      \"Vendor_ID\": \"VEND1034\",\n      \"Vendor_Name\": \"OfficeMart\",\n      \"Material_ID\": \"MAT-0003\",\n      \"Product_name\": \"Laser Printer\",\n      \"Category\": \"Office Equipment\",\n      \"Brand\": \"HP\",\n      \"Model_Number\": \"M404dn\",\n      \"Description\": \"Monochrome Laser Printer\",\n      \"Quantity\": 10,\n      \"UoM\": \"EA\",\n      \"Price\": 999.99,\n      \"Plant\": \"PL03\",\n      \"Delivery_Date\": \"2026-06-22\",\n      \"Purchasing_Org\": \"PORG03\",\n      \"Purchasing_Group\": \"PG03\",\n      \"Company_Code\": \"C300\",\n      \"User_Role\": \"AP Clerk\",\n      \"Partial_GR_Quantities\": [5, 5],\n      \"Invoice_Quantities\": [5, 5],\n      \"GRIR_Balance_After_1st_Invoice\": 4999.95,\n      \"GRIR_Balance_After_2nd_Invoice\": 0.00,\n      \"Expected_Result\": \"GR/IR is cleared incrementally for each invoice; final balance is zero after all quantities invoiced.\"\n    },\n    {\n      \"id\": \"TD-050\",\n      \"test_case_id\": \"TC-036\",\n      \"dATF_set_name\": \"Boundary Test Data - Invoice Price at Tolerance Limit\",\n      \"PO_Number\": \"PO20030\",\n      \"Vendor_ID\": \"VEND1035\",\n      \"Vendor_Name\": \"GadgetPro\",\n      \"Material_ID\": \"MAT-0006\",\n      \"Product_name\": \"Bluetooth Speaker\",\n      \"Category\": \"Electronics\",\n      \"Brand\": \"JBL\",\n      \"Model_Number\": \"GO2\",\n      \"Description\": \"Portable Bluetooth speaker\",\n      \"Quantity\": 10,\n      \"UoM\": \"EA\",\n      \"Price\": 35.00,\n      \"Plant\": \"PL03\",\n      \"Delivery_Date\": \"2026-06-25\",\n      \"Purchasing_Org\": \"PORG03\",\n      \"Purchasing_Group\": \"PG03\",\n      \"Company_Code\": \"C300\",\n      \"User_Role\": \"AP Clerk\",\n      \"Invoice_Amount\": 350.50,\n      \"Tolerance\": 0.50,\n      \"Payment_Block\": \"\",\n      \"Expected_Result\": \"Invoice posted without block; system does not block or park invoice.\"\n    },\n    {\n      \"id\": \"TD-051\",\n      \"test_case_id\": \"TC-037\",\n      \"dATF_set_name\": \"Boundary Test Data - Invoice Quantity at Tolerance Limit\",\n      \"PO_Number\": \"PO20031\",\n      \"Vendor_ID\": \"VEND1036\",\n      \"Vendor_Name\": \"Ac",
  "agent_name": "Test Data Generator",
  "file_name": "P2P Flow - Requirement.docx",
  "timestamp": "2026-02-05T04:47:43.368109"
}