{
  "test_cases": [],
  "raw_response": "```json\n{\n  \"test_cases\": [\n    {\n      \"id\": \"TC-001\",\n      \"title\": \"Keyword Search Input Availability\",\n      \"description\": \"Verify that a search input is available on the product listing page.\",\n      \"preconditions\": [\"User is on the product listing page.\"],\n      \"test_steps\": [\n        \"Navigate to the product listing page.\",\n        \"Check for the presence of the search input field.\"\n      ],\n      \"expected_results\": \"Search input field is visible and accessible to the user.\",\n      \"priority\": \"High\",\n      \"test_type\": \"Functional\",\n      \"user_story_id\": \"US-001\"\n    },\n    {\n      \"id\": \"TC-002\",\n      \"title\": \"Keyword Search with Exact Match\",\n      \"description\": \"Verify that entering a full product keyword returns matching products.\",\n      \"preconditions\": [\"User is on the product listing page.\", \"Product cATFlog contains products with known keywords.\"],\n      \"test_steps\": [\n        \"Enter a full product name (e.g., 'laptop') into the search input.\",\n        \"Submit the search.\"\n      ],\n      \"expected_results\": \"Search results include products with the exact keyword in their name or description.\",\n      \"priority\": \"High\",\n      \"test_type\": \"Functional\",\n      \"user_story_id\": \"US-001\"\n    },\n    {\n      \"id\": \"TC-003\",\n      \"title\": \"Partial Keyword Search\",\n      \"description\": \"Verify that partial keyword searches return relevant products.\",\n      \"preconditions\": [\"User is on the product listing page.\", \"Product cATFlog contains products with names/descriptions that match partial keywords.\"],\n      \"test_steps\": [\n        \"Enter a partial keyword (e.g., 'lap') into the search input.\",\n        \"Submit the search.\"\n      ],\n      \"expected_results\": \"Search results include products whose names or descriptions contain the partial keyword (e.g., 'laptop').\",\n      \"priority\": \"High\",\n      \"test_type\": \"Functional\",\n      \"user_story_id\": \"US-001\"\n    },\n    {\n      \"id\": \"TC-004\",\n      \"title\": \"Fuzzy Keyword Search\",\n      \"description\": \"Verify that fuzzy keyword searches return relevant products with similar spellings.\",\n      \"preconditions\": [\"User is on the product listing page.\", \"Product cATFlog contains products with names/descriptions similar to the fuzzy keyword.\"],\n      \"test_steps\": [\n        \"Enter a misspelled or fuzzy keyword (e.g., 'iphon') into the search input.\",\n        \"Submit the search.\"\n      ],\n      \"expected_results\": \"Search results include products with similar spellings (e.g., 'iPhone').\",\n      \"priority\": \"High\",\n      \"test_type\": \"Functional\",\n      \"user_story_id\": \"US-001\"\n    },\n    {\n      \"id\": \"TC-005\",\n      \"title\": \"Search Response Time\",\n      \"description\": \"Verify that search results are returned within 2 seconds for up to 10,000 results.\",\n      \"preconditions\": [\"User is on the product listing page.\", \"Product cATFlog contains at least 10,000 products matching a keyword.\"],\n      \"test_steps\": [\n        \"Enter a keyword that matches at least 10,000 products.\",\n        \"Submit the search.\",\n        \"Measure the time taken to display the results.\"\n      ],\n      \"expected_results\": \"Search results are displayed within 2 seconds.\",\n      \"priority\": \"High\",\n      \"test_type\": \"Non-functional\",\n      \"user_story_id\": \"US-001\"\n    },\n    {\n      \"id\": \"TC-006\",\n      \"title\": \"Paginated Search Results\",\n      \"description\": \"Verify that search results are displayed in pages with 20 items per page.\",\n      \"preconditions\": [\"User has performed a search that returns more than 20 results.\"],\n      \"test_steps\": [\n        \"Observe the number of items displayed on the first page of search results.\"\n      ],\n      \"expected_results\": \"Exactly 20 items are displayed on the first page.\",\n      \"priority\": \"High\",\n      \"test_type\": \"Functional\",\n      \"user_story_id\": \"US-002\"\n    },\n    {\n      \"id\": \"TC-007\",\n      \"title\": \"Pagination Navigation - Next and Previous\",\n      \"description\": \"Verify that users can navigate between pages using next and previous controls.\",\n      \"preconditions\": [\"User has performed a search that returns multiple pages of results.\"],\n      \"test_steps\": [\n        \"Click the 'Next' button.\",\n        \"Verify the page updates to the next set of 20 results.\",\n        \"Click the 'Previous' button.\",\n        \"Verify the page updates to the previous set of 20 results.\"\n      ],\n      \"expected_results\": \"User is able to navigate between pages using next and previous controls.\",\n      \"priority\": \"High\",\n      \"test_type\": \"Functional\",\n      \"user_story_id\": \"US-002\"\n    },\n    {\n      \"id\": \"TC-008\",\n      \"title\": \"Pagination Navigation - Specific Page Number\",\n      \"description\": \"Verify that users can navigate to a specific page number.\",\n      \"preconditions\": [\"User has performed a search that returns multiple pages of results.\"],\n      \"test_steps\": [\n        \"Enter or select a specific page number (e.g., page 3).\",\n        \"Verify the page updates to display the correct set of results.\"\n      ],\n      \"expected_results\": \"User is able to navigate directly to the selected page number.\",\n      \"priority\": \"High\",\n      \"test_type\": \"Functional\",\n      \"user_story_id\": \"US-002\"\n    },\n    {\n      \"id\": \"TC-009\",\n      \"title\": \"Filter by Category\",\n      \"description\": \"Verify that users can filter search results by category.\",\n      \"preconditions\": [\"User has performed a search that returns results from multiple categories.\"],\n      \"test_steps\": [\n        \"Select a category filter from the available options.\",\n        \"Observe the updated search results.\"\n      ],\n      \"expected_results\": \"Only products from the selected category are displayed.\",\n      \"priority\": \"High\",\n      \"test_type\": \"Functional\",\n      \"user_story_id\": \"US-003\"\n    },\n    {\n      \"id\": \"TC-010\",\n      \"title\": \"Filter by Brand\",\n      \"description\": \"Verify that users can filter search results by brand.\",\n      \"preconditions\": [\"User has performed a search that returns results from multiple brands.\"],\n      \"test_steps\": [\n        \"Select a brand filter from the available options.\",\n        \"Observe the updated search results.\"\n      ],\n      \"expected_results\": \"Only products from the selected brand are displayed.\",\n      \"priority\": \"High\",\n      \"test_type\": \"Functional\",\n      \"user_story_id\": \"US-003\"\n    },\n    {\n      \"id\": \"TC-011\",\n      \"title\": \"Filter by Price Range\",\n      \"description\": \"Verify that users can filter search results by price range.\",\n      \"preconditions\": [\"User has performed a search that returns results with varying prices.\"],\n      \"test_steps\": [\n        \"Select a price range filter.\",\n        \"Observe the updated search results.\"\n      ],\n      \"expected_results\": \"Only products within the selected price range are displayed.\",\n      \"priority\": \"High\",\n      \"test_type\": \"Functional\",\n      \"user_story_id\": \"US-003\"\n    },\n    {\n      \"id\": \"TC-012\",\n      \"title\": \"Filter by Seller Attribute\",\n      \"description\": \"Verify that users can filter search results by seller attributes.\",\n      \"preconditions\": [\"User has performed a search that returns results from multiple sellers with different attributes.\"],\n      \"test_steps\": [\n        \"Select a seller attribute filter.\",\n        \"Observe the updated search results.\"\n      ],\n      \"expected_results\": \"Only products from sellers matching the selected attribute are displayed.\",\n      \"priority\": \"High\",\n      \"test_type\": \"Functional\",\n      \"user_story_id\": \"US-003\"\n    },\n    {\n      \"id\": \"TC-013\",\n      \"title\": \"Apply Multiple Filters Simultaneously\",\n      \"description\": \"Verify that users can apply multiple filters at once and results update accordingly.\",\n      \"preconditions\": [\"User has performed a search with results that match multiple filter criteria.\"],\n      \"test_steps\": [\n        \"Select multiple filters (e.g., category and brand).\",\n        \"Observe the updated search results.\"\n      ],\n      \"expected_results\": \"Only products matching all selected filters are displayed.\",\n      \"priority\": \"High\",\n      \"test_type\": \"Functional\",\n      \"user_story_id\": \"US-003\"\n    },\n    {\n      \"id\": \"TC-014\",\n      \"title\": \"Dynamic Filter Update\",\n      \"description\": \"Verify that filter options update dynamically based on current search results.\",\n      \"preconditions\": [\"User has performed a search and applied at least one filter.\"],\n      \"test_steps\": [\n        \"Apply a filter (e.g., category).\",\n        \"Observe the available filter options for other facets (e.g., brand, price).\"\n      ],\n      \"expected_results\": \"Available filter options are updated based on the filtered search results.\",\n      \"priority\": \"High\",\n      \"test_type\": \"Functional\",\n      \"user_story_id\": \"US-003\"\n    },\n    {\n      \"id\": \"TC-015\",\n      \"title\": \"Display Facets Based on Search Results\",\n      \"description\": \"Verify that facets (filters) are displayed based on the current search results.\",\n      \"preconditions\": [\"User has performed a search.\"],\n      \"test_steps\": [\n        \"Observe the facets displayed after performing a search.\"\n      ],\n      \"expected_results\": \"Facets shown are relevant to the current search results.\",\n      \"priority\": \"High\",\n      \"test_type\": \"Functional\",\n      \"user_story_id\": \"US-004\"\n    },\n    {\n      \"id\": \"TC-016\",\n      \"title\": \"Dynamic Facet Update on Query Change\",\n      \"description\": \"Verify that facets update dynamically when the search query changes.\",\n      \"preconditions\": [\"User is on the search results page.\"],\n      \"test_steps\": [\n        \"Perform a search with keyword A.\",\n        \"Observe the available facets.\",\n        \"Change the search keyword to B and submit.\",\n        \"Observe the updated facets.\"\n      ],\n      \"expected_results\": \"Facets update to reflect the new search results.\",\n      \"priority\": \"High\",\n      \"test_type\": \"Functional\",\n      \"user_story_id\": \"US-004\"\n    },\n    {\n      \"id\": \"TC-017\",\n      \"title\": \"Dynamic Facet Update on Filter Change\",\n      \"description\": \"Verify that facets update dynamically when filters are applied or removed.\",\n      \"preconditions\": [\"User is on the search results page.\"],\n      \"test_steps\": [\n        \"Apply a filter (e.g., category).\",\n        \"Observe the available facets.\",\n        \"Remove the filter.\",\n        \"Observe the facets again.\"\n      ],\n      \"expected_results\": \"Facets update dynamically as filters are applied or removed.\",\n      \"priority\": \"High\",\n      \"test_type\": \"Functional\",\n      \"user_story_id\": \"US-004\"\n    },\n    {\n      \"id\": \"TC-018\",\n      \"title\": \"Seller Attribute Facet Display\",\n      \"description\": \"Verify that seller attribute is included as a facet on the Product Listing Page.\",\n      \"preconditions\": [\"User has performed a search.\"],\n      \"test_steps\": [\n        \"Observe the list of facets on the Product Listing Page.\"\n      ],\n      \"expected_results\": \"Seller attribute is present as a selectable facet.\",\n      \"priority\": \"High\",\n      \"test_type\": \"Functional\",\n      \"user_story_id\": \"US-004\"\n    },\n    {\n      \"id\": \"TC-019\",\n      \"title\": \"Display Comprehensive Product Information\",\n      \"description\": \"Verify that each search result displays all required product information.\",\n      \"preconditions\": [\"User has performed a search.\"],\n      \"test_steps\": [\n        \"Observe the information displayed for each product in the search results.\"\n      ],\n      \"expected_results\": \"Each product displays Product Name, SKU ID, Category, Brand, Model Number, Description, Price, and Seller Information.\",\n      \"priority\": \"High\",\n      \"test_type\": \"Functional\",\n      \"user_story_id\": \"US-005\"\n    },\n    {\n      \"id\": \"TC-020\",\n      \"title\": \"Sort by Relevance\",\n      \"description\": \"Verify that users can sort search results by relevance.\",\n      \"preconditions\": [\"User has performed a search.\"],\n      \"test_steps\": [\n        \"Select 'Relevance' from the sorting options.\",\n        \"Observe the order of search results.\"\n      ],\n      \"expected_results\": \"Search results are sorted by relevance to the search query.\",\n      \"priority\": \"High\",\n      \"test_type\": \"Functional\",\n      \"user_story_id\": \"US-006\"\n    },\n    {\n      \"id\": \"TC-021\",\n      \"title\": \"Sort by Price (Low to High)\",\n      \"description\": \"Verify that users can sort search results by price in ascending order.\",\n      \"preconditions\": [\"User has performed a search with products of varying prices.\"],\n      \"test_steps\": [\n        \"Select 'Price: Low to High' from the sorting options.\",\n        \"Observe the order of search results.\"\n      ],\n      \"expected_results\": \"Search results are sorted by price in ascending order.\",\n      \"priority\": \"High\",\n      \"test_type\": \"Functional\",\n      \"user_story_id\": \"US-006\"\n    },\n    {\n      \"id\": \"TC-022\",\n      \"title\": \"Sort by Price (High to Low)\",\n      \"description\": \"Verify that users can sort search results by price in descending order.\",\n      \"preconditions\": [\"User has performed a search with products of varying prices.\"],\n      \"test_steps\": [\n        \"Select 'Price: High to Low' from the sorting options.\",\n        \"Observe the order of search results.\"\n      ],\n      \"expected_results\": \"Search results are sorted by price in descending order.\",\n      \"priority\": \"High\",\n      \"test_type\": \"Functional\",\n      \"user_story_id\": \"US-006\"\n    },\n    {\n      \"id\": \"TC-023\",\n      \"title\": \"Sort by Newest First\",\n      \"description\": \"Verify that users can sort search results by newest products first.\",\n      \"preconditions\": [\"User has performed a search with products of varying addition dates.\"],\n      \"test_steps\": [\n        \"Select 'Newest First' from the sorting options.\",\n        \"Observe the order of search results.\"\n      ],\n      \"expected_results\": \"Search results are sorted by newest products first.\",\n      \"priority\": \"High\",\n      \"test_type\": \"Functional\",\n      \"user_story_id\": \"US-006\"\n    },\n    {\n      \"id\": \"TC-024\",\n      \"title\": \"Sorting Updates Results\",\n      \"description\": \"Verify that changing the sorting option updates the displayed results accordingly.\",\n      \"preconditions\": [\"User has performed a search.\"],\n      \"test_steps\": [\n        \"Change the sorting option (e.g., from 'Relevance' to 'Price: Low to High').\",\n        \"Observe the updated search results.\"\n      ],\n      \"expected_results\": \"Search results update to reflect the selected sorting option.\",\n      \"priority\": \"High\",\n      \"test_type\": \"Functional\",\n      \"user_story_id\": \"US-006\"\n    },\n    {\n      \"id\": \"TC-025\",\n      \"title\": \"Concurrent Search Requests\",\n      \"description\": \"Verify that the system can handle at least 1000 concurrent search requests without performance degradation.\",\n      \"preconditions\": [\"Test environment supports load testing tools.\", \"Product cATFlog contains sufficient dATF.\"],\n      \"test_steps\": [\n        \"Simulate 1000 concurrent users performing search requests.\",\n        \"Monitor system performance and response times.\"\n      ],\n      \"expected_results\": \"System handles 1000 concurrent search requests without errors or significant performance degradation.\",\n      \"priority\": \"High\",\n      \"test_type\": \"Non-functional\",\n      \"user_story_id\": \"US-007\"\n    },\n    {\n      \"id\": \"TC-026\",\n      \"title\": \"Concurrent Search Response Time\",\n      \"description\": \"Verify that search response time remains under 2 seconds for up to 10,000 results during concurrent usage.\",\n      \"preconditions\": [\"Test environment supports load testing tools.\", \"Product cATFlog contains sufficient dATF.\"],\n      \"test_steps\": [\n        \"Simulate 1000 concurrent users performing searches that each return up to 10,000 results.\",\n        \"Measure the response time for each search.\"\n      ],\n      \"expected_results\": \"All search responses are returned within 2 seconds.\",\n      \"priority\": \"High\",\n      \"test_type\": \"Non-functional\",\n      \"user_story_id\": \"US-007\"\n    },\n    {\n      \"id\": \"TC-027\",\n      \"title\": \"Search Functionality on Web Interface\",\n      \"description\": \"Verify that all search features are available and functional on the web interface.\",\n      \"preconditions\": [\"User accesses the platform via a web browser.\"],\n      \"test_steps\": [\n        \"Perform a keyword search.\",\n        \"Apply filters and facets.\",\n        \"Sort results.\",\n        \"Navigate through paginated results.\"\n      ],\n      \"expected_results\": \"All search features work as expected on the web interface.\",\n      \"priority\": \"High\",\n      \"test_type\": \"Functional\",\n      \"user_story_id\": \"US-008\"\n    },\n    {\n      \"id\": \"TC-028\",\n      \"title\": \"Search Functionality on Mobile Interface\",\n      \"description\": \"Verify that all search features are available and functional on the mobile interface.\",\n      \"preconditions\": [\"User accesses the platform via a mobile device or mobile browser/app.\"],\n      \"test_steps\": [\n        \"Perform a keyword search.\",\n        \"Apply filters and facets.\",\n        \"Sort results.\",\n        \"Navigate through paginated results.\"\n      ],\n      \"expected_results\": \"All search features work as expected on the mobile interface.\",\n      \"priority\": \"High\",\n      \"test_type\": \"Functional\",\n      \"user_story_id\": \"US-008\"\n    },\n    {\n      \"id\": \"TC-029\",\n      \"title\": \"Consistency of Search Features Across Platforms\",\n      \"description\": \"Verify that search features and results are consistent between web and mobile interfaces.\",\n      \"preconditions\": [\"User has access to both web and mobile interfaces.\"],\n      \"test_steps\": [\n        \"Perform the same search and apply the same filters on both web and mobile.\",\n        \"Compare the search results, facets, and sorting.\"\n      ],\n      \"expected_results\": \"Search features and results are consistent across web and mobile platforms.\",\n      \"priority\": \"High\",\n      \"test_type\": \"Functional\",\n      \"user_story_id\": \"US-008\"\n    }\n  ],\n  \"summary\": \"29 comprehensive",
  "agent_name": "Test Case Generator",
  "file_name": "ECommerce_ProductSearch_Requirements.docx",
  "timestamp": "2026-02-05T00:17:59.796240"
}